hash,ORF,prediction,actual-8014044280766472700,YAL014C,0,0
-8014044280766472700,YAL033W,0,1
-8014044280766472700,YAL036C,0,0
-8014044280766472700,YAL047C,0,0
-8014044280766472700,YAL049C,0,0
-8014044280766472700,YAL053W,0,0
-8014044280766472700,YBL003C,0,0
-8014044280766472700,YBL005W,0,0
-8014044280766472700,YBL007C,0,0
-8014044280766472700,YBL010C,0,0
-8014044280766472700,YBL014C,0,1
-8014044280766472700,YBL015W,0,0
-8014044280766472700,YBL025W,0,0
-8014044280766472700,YBL026W,0,1
-8014044280766472700,YBL038W,0,0
-8014044280766472700,YBL045C,0,0
-8014044280766472700,YBL067C,0,0
-8014044280766472700,YBL072C,0,0
-8014044280766472700,YBL091C,0,0
-8014044280766472700,YBL098W,0,0
-8014044280766472700,YBL103C,0,0
-8014044280766472700,YBR003W,0,0
-8014044280766472700,YBR006W,0,0
-8014044280766472700,YBR034C,0,0
-8014044280766472700,YBR042C,0,0
-8014044280766472700,YBR043C,0,0
-8014044280766472700,YBR046C,0,0
-8014044280766472700,YBR056W,0,0
-8014044280766472700,YBR061C,0,0
-8014044280766472700,YBR073W,0,0
-8014044280766472700,YBR115C,0,0
-8014044280766472700,YBR117C,0,0
-8014044280766472700,YBR119W,0,0
-8014044280766472700,YBR125C,0,0
-8014044280766472700,YBR129C,0,0
-8014044280766472700,YBR137W,0,0
-8014044280766472700,YBR155W,0,1
-8014044280766472700,YBR171W,0,0
-8014044280766472700,YBR181C,0,0
-8014044280766472700,YBR187W,0,0
-8014044280766472700,YBR188C,0,0
-8014044280766472700,YBR197C,0,0
-8014044280766472700,YBR207W,0,0
-8014044280766472700,YBR211C,0,1
-8014044280766472700,YBR212W,0,0
-8014044280766472700,YBR223C,0,0
-8014044280766472700,YBR249C,0,0
-8014044280766472700,YBR251W,0,0
-8014044280766472700,YBR253W,0,1
-8014044280766472700,YBR260C,0,0
-8014044280766472700,YBR261C,0,0
-8014044280766472700,YBR273C,0,0
-8014044280766472700,YBR274W,0,0
-8014044280766472700,YBR281C,0,0
-8014044280766472700,YBR282W,0,0
-8014044280766472700,YBR287W,0,0
-8014044280766472700,YCL005W,0,0
-8014044280766472700,YCL045C,0,0
-8014044280766472700,YCL057W,0,0
-8014044280766472700,YCR002C,0,0
-8014044280766472700,YCR003W,0,0
-8014044280766472700,YCR012W,0,1
-8014044280766472700,YCR023C,0,0
-8014044280766472700,YCR035C,0,1
-8014044280766472700,YCR063W,0,0
-8014044280766472700,YDL008W,0,1
-8014044280766472700,YDL020C,0,0
-8014044280766472700,YDL022W,0,0
-8014044280766472700,YDL058W,0,1
-8014044280766472700,YDL063C,1,0
-8014044280766472700,YDL081C,0,0
-8014044280766472700,YDL082W,0,0
-8014044280766472700,YDL083C,0,0
-8014044280766472700,YDL088C,0,0
-8014044280766472700,YDL092W,0,1
-8014044280766472700,YDL097C,0,1
-8014044280766472700,YDL099W,0,0
-8014044280766472700,YDL101C,0,0
-8014044280766472700,YDL117W,0,0
-8014044280766472700,YDL126C,0,1
-8014044280766472700,YDL129W,0,0
-8014044280766472700,YDL171C,0,0
-8014044280766472700,YDL175C,0,0
-8014044280766472700,YDL192W,0,0
-8014044280766472700,YDL193W,0,1
-8014044280766472700,YDL201W,0,0
-8014044280766472700,YDL207W,0,1
-8014044280766472700,YDL216C,0,0
-8014044280766472700,YDL219W,0,0
-8014044280766472700,YDL224C,0,0
-8014044280766472700,YDL226C,0,0
-8014044280766472700,YDR005C,0,0
-8014044280766472700,YDR009W,0,0
-8014044280766472700,YDR017C,0,0
-8014044280766472700,YDR021W,0,1
-8014044280766472700,YDR040C,0,0
-8014044280766472700,YDR051C,0,0
-8014044280766472700,YDR054C,0,1
-8014044280766472700,YDR060W,0,1
-8014044280766472700,YDR071C,0,0
-8014044280766472700,YDR077W,0,0
-8014044280766472700,YDR092W,0,0
-8014044280766472700,YDR122W,0,0
-8014044280766472700,YDR135C,0,0
-8014044280766472700,YDR138W,0,0
-8014044280766472700,YDR180W,0,1
-8014044280766472700,YDR202C,0,0
-8014044280766472700,YDR205W,0,0
-8014044280766472700,YDR211W,0,1
-8014044280766472700,YDR214W,0,0
-8014044280766472700,YDR216W,0,0
-8014044280766472700,YDR251W,0,0
-8014044280766472700,YDR252W,0,0
-8014044280766472700,YDR267C,0,1
-8014044280766472700,YDR296W,0,0
-8014044280766472700,YDR318W,0,0
-8014044280766472700,YDR326C,0,0
-8014044280766472700,YDR329C,0,0
-8014044280766472700,YDR332W,0,0
-8014044280766472700,YDR345C,0,0
-8014044280766472700,YDR346C,0,0
-8014044280766472700,YDR357C,0,0
-8014044280766472700,YDR367W,0,1
-8014044280766472700,YDR369C,0,0
-8014044280766472700,YDR372C,0,0
-8014044280766472700,YDR394W,0,1
-8014044280766472700,YDR399W,0,0
-8014044280766472700,YDR404C,0,1
-8014044280766472700,YDR423C,0,0
-8014044280766472700,YDR425W,0,0
-8014044280766472700,YDR448W,0,0
-8014044280766472700,YDR449C,0,1
-8014044280766472700,YDR452W,0,0
-8014044280766472700,YDR471W,0,0
-8014044280766472700,YDR473C,0,1
-8014044280766472700,YDR477W,0,0
-8014044280766472700,YDR479C,0,0
-8014044280766472700,YDR485C,0,0
-8014044280766472700,YDR492W,0,0
-8014044280766472700,YDR496C,0,0
-8014044280766472700,YDR499W,0,1
-8014044280766472700,YDR505C,0,0
-8014044280766472700,YDR515W,0,0
-8014044280766472700,YDR524C,0,0
-8014044280766472700,YEL009C,0,0
-8014044280766472700,YEL022W,0,0
-8014044280766472700,YEL037C,0,0
-8014044280766472700,YEL051W,0,0
-8014044280766472700,YER025W,0,1
-8014044280766472700,YER031C,0,0
-8014044280766472700,YER047C,0,0
-8014044280766472700,YER053C,0,0
-8014044280766472700,YER077C,0,0
-8014044280766472700,YER083C,0,0
-8014044280766472700,YER120W,0,0
-8014044280766472700,YER151C,0,0
-8014044280766472700,YER164W,0,0
-8014044280766472700,YER172C,0,1
-8014044280766472700,YER174C,0,0
-8014044280766472700,YER177W,0,0
-8014044280766472700,YFL016C,0,0
-8014044280766472700,YFL018C,0,0
-8014044280766472700,YFL023W,0,0
-8014044280766472700,YFL026W,0,0
-8014044280766472700,YFL027C,0,0
-8014044280766472700,YFL044C,0,0
-8014044280766472700,YFL047W,0,0
-8014044280766472700,YFR014C,0,0
-8014044280766472700,YFR036W,0,0
-8014044280766472700,YGL006W,0,0
-8014044280766472700,YGL021W,0,0
-8014044280766472700,YGL022W,0,1
-8014044280766472700,YGL036W,0,0
-8014044280766472700,YGL049C,0,0
-8014044280766472700,YGL055W,0,1
-8014044280766472700,YGL057C,0,0
-8014044280766472700,YGL060W,0,0
-8014044280766472700,YGL062W,0,0
-8014044280766472700,YGL091C,0,1
-8014044280766472700,YGL092W,0,1
-8014044280766472700,YGL097W,0,1
-8014044280766472700,YGL128C,0,1
-8014044280766472700,YGL129C,0,0
-8014044280766472700,YGL130W,0,1
-8014044280766472700,YGL137W,0,1
-8014044280766472700,YGL163C,0,0
-8014044280766472700,YGL169W,0,1
-8014044280766472700,YGL172W,0,1
-8014044280766472700,YGL181W,0,0
-8014044280766472700,YGL221C,0,0
-8014044280766472700,YGL227W,0,0
-8014044280766472700,YGL233W,0,1
-8014044280766472700,YGL253W,0,0
-8014044280766472700,YGL256W,0,0
-8014044280766472700,YGR021W,0,0
-8014044280766472700,YGR036C,0,0
-8014044280766472700,YGR078C,0,0
-8014044280766472700,YGR100W,0,0
-8014044280766472700,YGR128C,0,1
-8014044280766472700,YGR134W,0,0
-8014044280766472700,YGR156W,0,1
-8014044280766472700,YGR162W,0,0
-8014044280766472700,YGR166W,0,0
-8014044280766472700,YGR189C,0,0
-8014044280766472700,YGR195W,0,1
-8014044280766472700,YGR202C,0,0
-8014044280766472700,YGR209C,0,0
-8014044280766472700,YGR232W,0,0
-8014044280766472700,YGR244C,0,0
-8014044280766472700,YGR247W,0,0
-8014044280766472700,YGR252W,0,0
-8014044280766472700,YGR257C,1,0
-8014044280766472700,YGR274C,0,1
-8014044280766472700,YGR284C,0,0
-8014044280766472700,YGR295C,0,0
-8014044280766472700,YHL003C,0,0
-8014044280766472700,YHL017W,0,0
-8014044280766472700,YHL018W,0,0
-8014044280766472700,YHL019C,0,0
-8014044280766472700,YHL020C,0,0
-8014044280766472700,YHL026C,0,0
-8014044280766472700,YHR005C,0,1
-8014044280766472700,YHR010W,0,0
-8014044280766472700,YHR021C,0,0
-8014044280766472700,YHR023W,0,1
-8014044280766472700,YHR024C,0,1
-8014044280766472700,YHR026W,0,0
-8014044280766472700,YHR039C,0,0
-8014044280766472700,YHR043C,0,0
-8014044280766472700,YHR053C,0,0
-8014044280766472700,YHR057C,0,0
-8014044280766472700,YHR060W,0,0
-8014044280766472700,YHR063C,0,0
-8014044280766472700,YHR068W,0,1
-8014044280766472700,YHR070W,0,1
-8014044280766472700,YHR074W,0,1
-8014044280766472700,YHR083W,0,1
-8014044280766472700,YHR114W,0,0
-8014044280766472700,YHR123W,0,0
-8014044280766472700,YHR127W,0,0
-8014044280766472700,YHR141C,0,0
-8014044280766472700,YHR158C,0,0
-8014044280766472700,YHR169W,0,0
-8014044280766472700,YHR170W,0,1
-8014044280766472700,YHR175W,0,0
-8014044280766472700,YHR178W,0,0
-8014044280766472700,YIL038C,0,0
-8014044280766472700,YIL052C,0,0
-8014044280766472700,YIL062C,0,1
-8014044280766472700,YIL063C,0,1
-8014044280766472700,YIL066C,0,0
-8014044280766472700,YIL076W,0,0
-8014044280766472700,YIL084C,0,0
-8014044280766472700,YIL124W,0,0
-8014044280766472700,YIL129C,0,1
-8014044280766472700,YIL130W,0,0
-8014044280766472700,YIL137C,0,0
-8014044280766472700,YIL138C,0,0
-8014044280766472700,YIL173W,0,0
-8014044280766472700,YIR022W,0,1
-8014044280766472700,YJL001W,0,1
-8014044280766472700,YJL004C,0,0
-8014044280766472700,YJL005W,0,1
-8014044280766472700,YJL026W,0,1
-8014044280766472700,YJL034W,0,1
-8014044280766472700,YJL055W,0,0
-8014044280766472700,YJL056C,0,0
-8014044280766472700,YJL057C,0,0
-8014044280766472700,YJL060W,0,0
-8014044280766472700,YJL065C,0,0
-8014044280766472700,YJL087C,0,1
-8014044280766472700,YJL090C,0,1
-8014044280766472700,YJL137C,0,0
-8014044280766472700,YJL140W,0,0
-8014044280766472700,YJL173C,0,1
-8014044280766472700,YJL183W,0,0
-8014044280766472700,YJL197W,0,0
-8014044280766472700,YJL203W,0,1
-8014044280766472700,YJR003C,0,0
-8014044280766472700,YJR006W,0,1
-8014044280766472700,YJR014W,0,0
-8014044280766472700,YJR033C,0,0
-8014044280766472700,YJR035W,0,0
-8014044280766472700,YJR052W,0,0
-8014044280766472700,YJR053W,0,0
-8014044280766472700,YJR067C,0,1
-8014044280766472700,YJR068W,0,1
-8014044280766472700,YJR075W,0,0
-8014044280766472700,YJR076C,0,1
-8014044280766472700,YJR103W,0,0
-8014044280766472700,YJR113C,0,0
-8014044280766472700,YJR136C,0,0
-8014044280766472700,YJR139C,0,0
-8014044280766472700,YKL001C,0,0
-8014044280766472700,YKL009W,0,0
-8014044280766472700,YKL012W,0,1
-8014044280766472700,YKL022C,0,1
-8014044280766472700,YKL025C,0,0
-8014044280766472700,YKL028W,0,1
-8014044280766472700,YKL041W,0,0
-8014044280766472700,YKL056C,0,0
-8014044280766472700,YKL060C,0,1
-8014044280766472700,YKL067W,0,0
-8014044280766472700,YKL078W,0,1
-8014044280766472700,YKL106W,0,0
-8014044280766472700,YKL114C,0,0
-8014044280766472700,YKL120W,0,0
-8014044280766472700,YKL138C,0,0
-8014044280766472700,YKL156W,0,0
-8014044280766472700,YKL166C,0,0
-8014044280766472700,YKL170W,0,0
-8014044280766472700,YKL176C,0,0
-8014044280766472700,YKL180W,0,1
-8014044280766472700,YKL183W,0,0
-8014044280766472700,YKL190W,0,0
-8014044280766472700,YKL197C,0,0
-8014044280766472700,YKL208W,0,0
-8014044280766472700,YKL210W,0,1
-8014044280766472700,YKL214C,0,0
-8014044280766472700,YKL222C,0,0
-8014044280766472700,YKR044W,0,0
-8014044280766472700,YKR065C,0,0
-8014044280766472700,YKR074W,0,0
-8014044280766472700,YKR077W,0,0
-8014044280766472700,YKR082W,0,0
-8014044280766472700,YKR083C,0,1
-8014044280766472700,YKR089C,0,0
-8014044280766472700,YKR092C,0,0
-8014044280766472700,YKR093W,0,0
-8014044280766472700,YKR100C,0,0
-8014044280766472700,YLL038C,0,0
-8014044280766472700,YLR001C,0,0
-8014044280766472700,YLR011W,0,0
-8014044280766472700,YLR028C,0,0
-8014044280766472700,YLR032W,0,0
-8014044280766472700,YLR034C,0,0
-8014044280766472700,YLR036C,0,0
-8014044280766472700,YLR045C,0,1
-8014044280766472700,YLR064W,0,0
-8014044280766472700,YLR075W,0,1
-8014044280766472700,YLR080W,0,0
-8014044280766472700,YLR115W,0,1
-8014044280766472700,YLR126C,0,0
-8014044280766472700,YLR130C,0,0
-8014044280766472700,YLR132C,0,1
-8014044280766472700,YLR136C,0,0
-8014044280766472700,YLR138W,0,0
-8014044280766472700,YLR145W,0,1
-8014044280766472700,YLR176C,0,0
-8014044280766472700,YLR182W,0,0
-8014044280766472700,YLR194C,0,0
-8014044280766472700,YLR200W,0,0
-8014044280766472700,YLR206W,0,0
-8014044280766472700,YLR215C,0,1
-8014044280766472700,YLR220W,0,0
-8014044280766472700,YLR223C,0,1
-8014044280766472700,YLR237W,0,0
-8014044280766472700,YLR247C,0,0
-8014044280766472700,YLR248W,0,0
-8014044280766472700,YLR254C,0,0
-8014044280766472700,YLR262C,0,0
-8014044280766472700,YLR295C,0,0
-8014044280766472700,YLR300W,0,0
-8014044280766472700,YLR310C,0,1
-8014044280766472700,YLR319C,0,0
-8014044280766472700,YLR321C,0,1
-8014044280766472700,YLR326W,0,0
-8014044280766472700,YLR328W,0,0
-8014044280766472700,YLR343W,0,0
-8014044280766472700,YLR351C,0,0
-8014044280766472700,YLR367W,0,0
-8014044280766472700,YLR376C,0,0
-8014044280766472700,YLR397C,0,1
-8014044280766472700,YLR412W,0,0
-8014044280766472700,YLR424W,0,1
-8014044280766472700,YLR429W,1,0
-8014044280766472700,YLR430W,0,1
-8014044280766472700,YLR432W,0,0
-8014044280766472700,YLR448W,0,0
-8014044280766472700,YLR450W,0,0
-8014044280766472700,YLR452C,0,0
-8014044280766472700,YLR454W,0,0
-8014044280766472700,YML008C,0,0
-8014044280766472700,YML011C,0,0
-8014044280766472700,YML023C,0,1
-8014044280766472700,YML031W,0,1
-8014044280766472700,YML034W,0,0
-8014044280766472700,YML037C,0,0
-8014044280766472700,YML062C,0,0
-8014044280766472700,YML094W,0,0
-8014044280766472700,YML098W,0,1
-8014044280766472700,YML100W,0,0
-8014044280766472700,YML110C,0,0
-8014044280766472700,YML116W,0,0
-8014044280766472700,YML127W,0,1
-8014044280766472700,YML129C,0,0
-8014044280766472700,YMR002W,0,0
-8014044280766472700,YMR010W,0,0
-8014044280766472700,YMR012W,0,0
-8014044280766472700,YMR014W,0,0
-8014044280766472700,YMR019W,0,0
-8014044280766472700,YMR036C,0,0
-8014044280766472700,YMR054W,0,0
-8014044280766472700,YMR059W,0,1
-8014044280766472700,YMR078C,0,0
-8014044280766472700,YMR080C,0,0
-8014044280766472700,YMR086W,0,0
-8014044280766472700,YMR093W,0,1
-8014044280766472700,YMR108W,0,0
-8014044280766472700,YMR123W,0,0
-8014044280766472700,YMR143W,0,0
-8014044280766472700,YMR152W,0,0
-8014044280766472700,YMR163C,0,0
-8014044280766472700,YMR167W,0,0
-8014044280766472700,YMR173W,0,0
-8014044280766472700,YMR177W,0,0
-8014044280766472700,YMR200W,0,1
-8014044280766472700,YMR213W,0,1
-8014044280766472700,YMR227C,0,1
-8014044280766472700,YMR234W,0,0
-8014044280766472700,YMR235C,0,1
-8014044280766472700,YMR246W,0,0
-8014044280766472700,YMR251W,0,0
-8014044280766472700,YMR257C,0,0
-8014044280766472700,YMR263W,0,0
-8014044280766472700,YMR270C,0,1
-8014044280766472700,YMR277W,0,1
-8014044280766472700,YMR284W,0,0
-8014044280766472700,YMR289W,0,0
-8014044280766472700,YMR304W,0,0
-8014044280766472700,YMR311C,0,0
-8014044280766472700,YNL016W,0,0
-8014044280766472700,YNL041C,0,0
-8014044280766472700,YNL049C,0,0
-8014044280766472700,YNL052W,0,0
-8014044280766472700,YNL066W,0,0
-8014044280766472700,YNL073W,0,0
-8014044280766472700,YNL078W,0,0
-8014044280766472700,YNL086W,0,0
-8014044280766472700,YNL110C,0,1
-8014044280766472700,YNL119W,0,0
-8014044280766472700,YNL131W,0,1
-8014044280766472700,YNL132W,0,1
-8014044280766472700,YNL142W,0,0
-8014044280766472700,YNL164C,0,0
-8014044280766472700,YNL186W,0,0
-8014044280766472700,YNL189W,0,1
-8014044280766472700,YNL224C,0,0
-8014044280766472700,YNL225C,0,0
-8014044280766472700,YNL231C,0,0
-8014044280766472700,YNL234W,0,0
-8014044280766472700,YNL236W,0,0
-8014044280766472700,YNL243W,0,0
-8014044280766472700,YNL247W,0,1
-8014044280766472700,YNL286W,0,0
-8014044280766472700,YNL315C,0,0
-8014044280766472700,YNR011C,0,1
-8014044280766472700,YNR012W,0,0
-8014044280766472700,YNR013C,0,0
-8014044280766472700,YNR016C,0,1
-8014044280766472700,YNR023W,0,0
-8014044280766472700,YNR040W,0,0
-8014044280766472700,YNR048W,0,0
-8014044280766472700,YNR051C,0,0
-8014044280766472700,YNR052C,0,0
-8014044280766472700,YNR054C,0,1
-8014044280766472700,YOL001W,0,0
-8014044280766472700,YOL013C,0,0
-8014044280766472700,YOL045W,0,0
-8014044280766472700,YOL051W,0,0
-8014044280766472700,YOL059W,0,0
-8014044280766472700,YOL060C,0,0
-8014044280766472700,YOL066C,0,1
-8014044280766472700,YOL069W,0,1
-8014044280766472700,YOL070C,0,0
-8014044280766472700,YOL151W,0,0
-8014044280766472700,YOL159C,0,0
-8014044280766472700,YOR007C,0,0
-8014044280766472700,YOR008C,0,0
-8014044280766472700,YOR023C,0,0
-8014044280766472700,YOR064C,0,0
-8014044280766472700,YOR078W,0,0
-8014044280766472700,YOR112W,0,0
-8014044280766472700,YOR117W,0,1
-8014044280766472700,YOR120W,0,0
-8014044280766472700,YOR138C,0,0
-8014044280766472700,YOR158W,0,0
-8014044280766472700,YOR173W,0,0
-8014044280766472700,YOR182C,0,0
-8014044280766472700,YOR184W,0,0
-8014044280766472700,YOR239W,0,0
-8014044280766472700,YOR241W,0,0
-8014044280766472700,YOR244W,0,1
-8014044280766472700,YOR261C,0,1
-8014044280766472700,YOR262W,0,1
-8014044280766472700,YOR264W,0,0
-8014044280766472700,YOR267C,0,0
-8014044280766472700,YOR281C,0,1
-8014044280766472700,YOR283W,0,0
-8014044280766472700,YOR290C,0,0
-8014044280766472700,YOR312C,0,0
-8014044280766472700,YOR321W,0,0
-8014044280766472700,YOR341W,0,1
-8014044280766472700,YOR344C,0,0
-8014044280766472700,YOR349W,0,0
-8014044280766472700,YOR358W,0,0
-8014044280766472700,YOR361C,0,1
-8014044280766472700,YOR372C,0,1
-8014044280766472700,YOR385W,0,0
-8014044280766472700,YPL002C,0,0
-8014044280766472700,YPL012W,0,1
-8014044280766472700,YPL013C,0,0
-8014044280766472700,YPL048W,0,0
-8014044280766472700,YPL063W,0,1
-8014044280766472700,YPL065W,0,0
-8014044280766472700,YPL067C,0,0
-8014044280766472700,YPL091W,0,0
-8014044280766472700,YPL115C,0,0
-8014044280766472700,YPL118W,0,0
-8014044280766472700,YPL126W,0,1
-8014044280766472700,YPL145C,0,0
-8014044280766472700,YPL151C,0,1
-8014044280766472700,YPL163C,0,0
-8014044280766472700,YPL181W,0,0
-8014044280766472700,YPL194W,0,0
-8014044280766472700,YPL198W,0,0
-8014044280766472700,YPL203W,0,0
-8014044280766472700,YPL221W,0,0
-8014044280766472700,YPL227C,0,0
-8014044280766472700,YPL260W,0,0
-8014044280766472700,YPL265W,0,0
-8014044280766472700,YPR032W,0,0
-8014044280766472700,YPR045C,0,0
-8014044280766472700,YPR062W,0,0
-8014044280766472700,YPR063C,0,0
-8014044280766472700,YPR067W,0,0
-8014044280766472700,YPR072W,0,0
-8014044280766472700,YPR074C,0,0
-8014044280766472700,YPR079W,0,0
-8014044280766472700,YPR103W,0,1
-8014044280766472700,YPR105C,0,1
-8014044280766472700,YPR119W,0,0
-8014044280766472700,YPR124W,0,0
-8014044280766472700,YPR125W,0,0
-8014044280766472700,YPR135W,0,0
-8014044280766472700,YPR152C,0,0
-8014044280766472700,YPR155C,0,0
-8014044280766472700,YPR174C,0,0
4486499698098127361,YAL014C,0,0
4486499698098127361,YAL033W,0,1
4486499698098127361,YAL036C,0,0
4486499698098127361,YAL047C,1,0
4486499698098127361,YAL049C,0,0
4486499698098127361,YAL053W,0,0
4486499698098127361,YBL003C,0,0
4486499698098127361,YBL005W,0,0
4486499698098127361,YBL007C,0,0
4486499698098127361,YBL010C,0,0
4486499698098127361,YBL014C,0,1
4486499698098127361,YBL015W,0,0
4486499698098127361,YBL025W,0,0
4486499698098127361,YBL026W,1,1
4486499698098127361,YBL038W,1,0
4486499698098127361,YBL045C,1,0
4486499698098127361,YBL067C,0,0
4486499698098127361,YBL072C,0,0
4486499698098127361,YBL091C,0,0
4486499698098127361,YBL098W,0,0
4486499698098127361,YBL103C,0,0
4486499698098127361,YBR003W,0,0
4486499698098127361,YBR006W,0,0
4486499698098127361,YBR034C,0,0
4486499698098127361,YBR042C,0,0
4486499698098127361,YBR043C,0,0
4486499698098127361,YBR046C,0,0
4486499698098127361,YBR056W,0,0
4486499698098127361,YBR061C,0,0
4486499698098127361,YBR073W,0,0
4486499698098127361,YBR115C,0,0
4486499698098127361,YBR117C,0,0
4486499698098127361,YBR119W,1,0
4486499698098127361,YBR125C,0,0
4486499698098127361,YBR129C,0,0
4486499698098127361,YBR137W,0,0
4486499698098127361,YBR155W,0,1
4486499698098127361,YBR171W,0,0
4486499698098127361,YBR181C,0,0
4486499698098127361,YBR187W,0,0
4486499698098127361,YBR188C,0,0
4486499698098127361,YBR197C,0,0
4486499698098127361,YBR207W,0,0
4486499698098127361,YBR211C,0,1
4486499698098127361,YBR212W,0,0
4486499698098127361,YBR223C,0,0
4486499698098127361,YBR249C,0,0
4486499698098127361,YBR251W,0,0
4486499698098127361,YBR253W,0,1
4486499698098127361,YBR260C,0,0
4486499698098127361,YBR261C,0,0
4486499698098127361,YBR273C,0,0
4486499698098127361,YBR274W,0,0
4486499698098127361,YBR281C,0,0
4486499698098127361,YBR282W,0,0
4486499698098127361,YBR287W,0,0
4486499698098127361,YCL005W,0,0
4486499698098127361,YCL045C,0,0
4486499698098127361,YCL057W,0,0
4486499698098127361,YCR002C,1,0
4486499698098127361,YCR003W,0,0
4486499698098127361,YCR012W,0,1
4486499698098127361,YCR023C,0,0
4486499698098127361,YCR035C,0,1
4486499698098127361,YCR063W,1,0
4486499698098127361,YDL008W,0,1
4486499698098127361,YDL020C,0,0
4486499698098127361,YDL022W,0,0
4486499698098127361,YDL058W,1,1
4486499698098127361,YDL063C,1,0
4486499698098127361,YDL081C,0,0
4486499698098127361,YDL082W,0,0
4486499698098127361,YDL083C,0,0
4486499698098127361,YDL088C,0,0
4486499698098127361,YDL092W,0,1
4486499698098127361,YDL097C,0,1
4486499698098127361,YDL099W,0,0
4486499698098127361,YDL101C,0,0
4486499698098127361,YDL117W,0,0
4486499698098127361,YDL126C,0,1
4486499698098127361,YDL129W,0,0
4486499698098127361,YDL171C,1,0
4486499698098127361,YDL175C,1,0
4486499698098127361,YDL192W,0,0
4486499698098127361,YDL193W,0,1
4486499698098127361,YDL201W,0,0
4486499698098127361,YDL207W,0,1
4486499698098127361,YDL216C,0,0
4486499698098127361,YDL219W,0,0
4486499698098127361,YDL224C,0,0
4486499698098127361,YDL226C,0,0
4486499698098127361,YDR005C,0,0
4486499698098127361,YDR009W,0,0
4486499698098127361,YDR017C,0,0
4486499698098127361,YDR021W,0,1
4486499698098127361,YDR040C,0,0
4486499698098127361,YDR051C,0,0
4486499698098127361,YDR054C,0,1
4486499698098127361,YDR060W,0,1
4486499698098127361,YDR071C,0,0
4486499698098127361,YDR077W,0,0
4486499698098127361,YDR092W,0,0
4486499698098127361,YDR122W,0,0
4486499698098127361,YDR135C,0,0
4486499698098127361,YDR138W,0,0
4486499698098127361,YDR180W,0,1
4486499698098127361,YDR202C,0,0
4486499698098127361,YDR205W,0,0
4486499698098127361,YDR211W,0,1
4486499698098127361,YDR214W,0,0
4486499698098127361,YDR216W,0,0
4486499698098127361,YDR251W,0,0
4486499698098127361,YDR252W,0,0
4486499698098127361,YDR267C,0,1
4486499698098127361,YDR296W,1,0
4486499698098127361,YDR318W,0,0
4486499698098127361,YDR326C,1,0
4486499698098127361,YDR329C,0,0
4486499698098127361,YDR332W,0,0
4486499698098127361,YDR345C,0,0
4486499698098127361,YDR346C,0,0
4486499698098127361,YDR357C,0,0
4486499698098127361,YDR367W,0,1
4486499698098127361,YDR369C,0,0
4486499698098127361,YDR372C,0,0
4486499698098127361,YDR394W,0,1
4486499698098127361,YDR399W,0,0
4486499698098127361,YDR404C,1,1
4486499698098127361,YDR423C,0,0
4486499698098127361,YDR425W,0,0
4486499698098127361,YDR448W,1,0
4486499698098127361,YDR449C,0,1
4486499698098127361,YDR452W,0,0
4486499698098127361,YDR471W,0,0
4486499698098127361,YDR473C,1,1
4486499698098127361,YDR477W,0,0
4486499698098127361,YDR479C,0,0
4486499698098127361,YDR485C,0,0
4486499698098127361,YDR492W,0,0
4486499698098127361,YDR496C,1,0
4486499698098127361,YDR499W,0,1
4486499698098127361,YDR505C,0,0
4486499698098127361,YDR515W,0,0
4486499698098127361,YDR524C,0,0
4486499698098127361,YEL009C,0,0
4486499698098127361,YEL022W,1,0
4486499698098127361,YEL037C,0,0
4486499698098127361,YEL051W,1,0
4486499698098127361,YER025W,0,1
4486499698098127361,YER031C,1,0
4486499698098127361,YER047C,0,0
4486499698098127361,YER053C,0,0
4486499698098127361,YER077C,0,0
4486499698098127361,YER083C,0,0
4486499698098127361,YER120W,0,0
4486499698098127361,YER151C,0,0
4486499698098127361,YER164W,1,0
4486499698098127361,YER172C,1,1
4486499698098127361,YER174C,0,0
4486499698098127361,YER177W,0,0
4486499698098127361,YFL016C,0,0
4486499698098127361,YFL018C,0,0
4486499698098127361,YFL023W,0,0
4486499698098127361,YFL026W,0,0
4486499698098127361,YFL027C,0,0
4486499698098127361,YFL044C,0,0
4486499698098127361,YFL047W,0,0
4486499698098127361,YFR014C,0,0
4486499698098127361,YFR036W,0,0
4486499698098127361,YGL006W,0,0
4486499698098127361,YGL021W,0,0
4486499698098127361,YGL022W,0,1
4486499698098127361,YGL036W,1,0
4486499698098127361,YGL049C,1,0
4486499698098127361,YGL055W,0,1
4486499698098127361,YGL057C,0,0
4486499698098127361,YGL060W,0,0
4486499698098127361,YGL062W,0,0
4486499698098127361,YGL091C,0,1
4486499698098127361,YGL092W,0,1
4486499698098127361,YGL097W,0,1
4486499698098127361,YGL128C,0,1
4486499698098127361,YGL129C,0,0
4486499698098127361,YGL130W,0,1
4486499698098127361,YGL137W,1,1
4486499698098127361,YGL163C,0,0
4486499698098127361,YGL169W,0,1
4486499698098127361,YGL172W,1,1
4486499698098127361,YGL181W,0,0
4486499698098127361,YGL221C,0,0
4486499698098127361,YGL227W,0,0
4486499698098127361,YGL233W,0,1
4486499698098127361,YGL253W,0,0
4486499698098127361,YGL256W,0,0
4486499698098127361,YGR021W,0,0
4486499698098127361,YGR036C,0,0
4486499698098127361,YGR078C,0,0
4486499698098127361,YGR100W,0,0
4486499698098127361,YGR128C,0,1
4486499698098127361,YGR134W,0,0
4486499698098127361,YGR156W,1,1
4486499698098127361,YGR162W,1,0
4486499698098127361,YGR166W,0,0
4486499698098127361,YGR189C,0,0
4486499698098127361,YGR195W,0,1
4486499698098127361,YGR202C,0,0
4486499698098127361,YGR209C,0,0
4486499698098127361,YGR232W,1,0
4486499698098127361,YGR244C,0,0
4486499698098127361,YGR247W,0,0
4486499698098127361,YGR252W,1,0
4486499698098127361,YGR257C,1,0
4486499698098127361,YGR274C,0,1
4486499698098127361,YGR284C,0,0
4486499698098127361,YGR295C,0,0
4486499698098127361,YHL003C,0,0
4486499698098127361,YHL017W,0,0
4486499698098127361,YHL018W,0,0
4486499698098127361,YHL019C,0,0
4486499698098127361,YHL020C,0,0
4486499698098127361,YHL026C,0,0
4486499698098127361,YHR005C,1,1
4486499698098127361,YHR010W,0,0
4486499698098127361,YHR021C,0,0
4486499698098127361,YHR023W,0,1
4486499698098127361,YHR024C,0,1
4486499698098127361,YHR026W,0,0
4486499698098127361,YHR039C,0,0
4486499698098127361,YHR043C,0,0
4486499698098127361,YHR053C,0,0
4486499698098127361,YHR057C,0,0
4486499698098127361,YHR060W,0,0
4486499698098127361,YHR063C,0,0
4486499698098127361,YHR068W,0,1
4486499698098127361,YHR070W,0,1
4486499698098127361,YHR074W,0,1
4486499698098127361,YHR083W,0,1
4486499698098127361,YHR114W,1,0
4486499698098127361,YHR123W,0,0
4486499698098127361,YHR127W,1,0
4486499698098127361,YHR141C,0,0
4486499698098127361,YHR158C,0,0
4486499698098127361,YHR169W,1,0
4486499698098127361,YHR170W,1,1
4486499698098127361,YHR175W,0,0
4486499698098127361,YHR178W,0,0
4486499698098127361,YIL038C,0,0
4486499698098127361,YIL052C,0,0
4486499698098127361,YIL062C,0,1
4486499698098127361,YIL063C,0,1
4486499698098127361,YIL066C,1,0
4486499698098127361,YIL076W,0,0
4486499698098127361,YIL084C,0,0
4486499698098127361,YIL124W,0,0
4486499698098127361,YIL129C,0,1
4486499698098127361,YIL130W,0,0
4486499698098127361,YIL137C,0,0
4486499698098127361,YIL138C,0,0
4486499698098127361,YIL173W,0,0
4486499698098127361,YIR022W,0,1
4486499698098127361,YJL001W,1,1
4486499698098127361,YJL004C,0,0
4486499698098127361,YJL005W,0,1
4486499698098127361,YJL026W,0,1
4486499698098127361,YJL034W,0,1
4486499698098127361,YJL055W,0,0
4486499698098127361,YJL056C,0,0
4486499698098127361,YJL057C,0,0
4486499698098127361,YJL060W,0,0
4486499698098127361,YJL065C,0,0
4486499698098127361,YJL087C,0,1
4486499698098127361,YJL090C,0,1
4486499698098127361,YJL137C,0,0
4486499698098127361,YJL140W,0,0
4486499698098127361,YJL173C,0,1
4486499698098127361,YJL183W,0,0
4486499698098127361,YJL197W,0,0
4486499698098127361,YJL203W,0,1
4486499698098127361,YJR003C,0,0
4486499698098127361,YJR006W,0,1
4486499698098127361,YJR014W,0,0
4486499698098127361,YJR033C,0,0
4486499698098127361,YJR035W,0,0
4486499698098127361,YJR052W,0,0
4486499698098127361,YJR053W,0,0
4486499698098127361,YJR067C,0,1
4486499698098127361,YJR068W,1,1
4486499698098127361,YJR075W,0,0
4486499698098127361,YJR076C,0,1
4486499698098127361,YJR103W,0,0
4486499698098127361,YJR113C,0,0
4486499698098127361,YJR136C,0,0
4486499698098127361,YJR139C,0,0
4486499698098127361,YKL001C,0,0
4486499698098127361,YKL009W,0,0
4486499698098127361,YKL012W,0,1
4486499698098127361,YKL022C,0,1
4486499698098127361,YKL025C,0,0
4486499698098127361,YKL028W,0,1
4486499698098127361,YKL041W,0,0
4486499698098127361,YKL056C,0,0
4486499698098127361,YKL060C,0,1
4486499698098127361,YKL067W,1,0
4486499698098127361,YKL078W,0,1
4486499698098127361,YKL106W,0,0
4486499698098127361,YKL114C,0,0
4486499698098127361,YKL120W,0,0
4486499698098127361,YKL138C,0,0
4486499698098127361,YKL156W,0,0
4486499698098127361,YKL166C,0,0
4486499698098127361,YKL170W,0,0
4486499698098127361,YKL176C,0,0
4486499698098127361,YKL180W,0,1
4486499698098127361,YKL183W,0,0
4486499698098127361,YKL190W,0,0
4486499698098127361,YKL197C,0,0
4486499698098127361,YKL208W,0,0
4486499698098127361,YKL210W,1,1
4486499698098127361,YKL214C,1,0
4486499698098127361,YKL222C,0,0
4486499698098127361,YKR044W,0,0
4486499698098127361,YKR065C,0,0
4486499698098127361,YKR074W,0,0
4486499698098127361,YKR077W,0,0
4486499698098127361,YKR082W,1,0
4486499698098127361,YKR083C,0,1
4486499698098127361,YKR089C,0,0
4486499698098127361,YKR092C,0,0
4486499698098127361,YKR093W,0,0
4486499698098127361,YKR100C,0,0
4486499698098127361,YLL038C,0,0
4486499698098127361,YLR001C,0,0
4486499698098127361,YLR011W,0,0
4486499698098127361,YLR028C,0,0
4486499698098127361,YLR032W,0,0
4486499698098127361,YLR034C,0,0
4486499698098127361,YLR036C,0,0
4486499698098127361,YLR045C,0,1
4486499698098127361,YLR064W,0,0
4486499698098127361,YLR075W,0,1
4486499698098127361,YLR080W,0,0
4486499698098127361,YLR115W,1,1
4486499698098127361,YLR126C,0,0
4486499698098127361,YLR130C,0,0
4486499698098127361,YLR132C,0,1
4486499698098127361,YLR136C,0,0
4486499698098127361,YLR138W,0,0
4486499698098127361,YLR145W,0,1
4486499698098127361,YLR176C,1,0
4486499698098127361,YLR182W,0,0
4486499698098127361,YLR194C,0,0
4486499698098127361,YLR200W,0,0
4486499698098127361,YLR206W,0,0
4486499698098127361,YLR215C,0,1
4486499698098127361,YLR220W,0,0
4486499698098127361,YLR223C,0,1
4486499698098127361,YLR237W,0,0
4486499698098127361,YLR247C,0,0
4486499698098127361,YLR248W,0,0
4486499698098127361,YLR254C,0,0
4486499698098127361,YLR262C,0,0
4486499698098127361,YLR295C,0,0
4486499698098127361,YLR300W,0,0
4486499698098127361,YLR310C,0,1
4486499698098127361,YLR319C,0,0
4486499698098127361,YLR321C,0,1
4486499698098127361,YLR326W,0,0
4486499698098127361,YLR328W,0,0
4486499698098127361,YLR343W,0,0
4486499698098127361,YLR351C,0,0
4486499698098127361,YLR367W,0,0
4486499698098127361,YLR376C,0,0
4486499698098127361,YLR397C,0,1
4486499698098127361,YLR412W,0,0
4486499698098127361,YLR424W,1,1
4486499698098127361,YLR429W,0,0
4486499698098127361,YLR430W,1,1
4486499698098127361,YLR432W,1,0
4486499698098127361,YLR448W,0,0
4486499698098127361,YLR450W,0,0
4486499698098127361,YLR452C,0,0
4486499698098127361,YLR454W,0,0
4486499698098127361,YML008C,1,0
4486499698098127361,YML011C,0,0
4486499698098127361,YML023C,0,1
4486499698098127361,YML031W,0,1
4486499698098127361,YML034W,0,0
4486499698098127361,YML037C,0,0
4486499698098127361,YML062C,0,0
4486499698098127361,YML094W,0,0
4486499698098127361,YML098W,0,1
4486499698098127361,YML100W,0,0
4486499698098127361,YML110C,0,0
4486499698098127361,YML116W,0,0
4486499698098127361,YML127W,0,1
4486499698098127361,YML129C,0,0
4486499698098127361,YMR002W,0,0
4486499698098127361,YMR010W,0,0
4486499698098127361,YMR012W,1,0
4486499698098127361,YMR014W,0,0
4486499698098127361,YMR019W,0,0
4486499698098127361,YMR036C,0,0
4486499698098127361,YMR054W,0,0
4486499698098127361,YMR059W,0,1
4486499698098127361,YMR078C,0,0
4486499698098127361,YMR080C,0,0
4486499698098127361,YMR086W,0,0
4486499698098127361,YMR093W,1,1
4486499698098127361,YMR108W,0,0
4486499698098127361,YMR123W,0,0
4486499698098127361,YMR143W,0,0
4486499698098127361,YMR152W,0,0
4486499698098127361,YMR163C,0,0
4486499698098127361,YMR167W,0,0
4486499698098127361,YMR173W,0,0
4486499698098127361,YMR177W,0,0
4486499698098127361,YMR200W,0,1
4486499698098127361,YMR213W,1,1
4486499698098127361,YMR227C,0,1
4486499698098127361,YMR234W,0,0
4486499698098127361,YMR235C,0,1
4486499698098127361,YMR246W,1,0
4486499698098127361,YMR251W,0,0
4486499698098127361,YMR257C,0,0
4486499698098127361,YMR263W,0,0
4486499698098127361,YMR270C,0,1
4486499698098127361,YMR277W,0,1
4486499698098127361,YMR284W,1,0
4486499698098127361,YMR289W,0,0
4486499698098127361,YMR304W,0,0
4486499698098127361,YMR311C,0,0
4486499698098127361,YNL016W,0,0
4486499698098127361,YNL041C,0,0
4486499698098127361,YNL049C,0,0
4486499698098127361,YNL052W,0,0
4486499698098127361,YNL066W,0,0
4486499698098127361,YNL073W,0,0
4486499698098127361,YNL078W,0,0
4486499698098127361,YNL086W,0,0
4486499698098127361,YNL110C,1,1
4486499698098127361,YNL119W,0,0
4486499698098127361,YNL131W,0,1
4486499698098127361,YNL132W,0,1
4486499698098127361,YNL142W,0,0
4486499698098127361,YNL164C,0,0
4486499698098127361,YNL186W,0,0
4486499698098127361,YNL189W,0,1
4486499698098127361,YNL224C,0,0
4486499698098127361,YNL225C,0,0
4486499698098127361,YNL231C,0,0
4486499698098127361,YNL234W,0,0
4486499698098127361,YNL236W,1,0
4486499698098127361,YNL243W,0,0
4486499698098127361,YNL247W,0,1
4486499698098127361,YNL286W,0,0
4486499698098127361,YNL315C,0,0
4486499698098127361,YNR011C,0,1
4486499698098127361,YNR012W,0,0
4486499698098127361,YNR013C,0,0
4486499698098127361,YNR016C,1,1
4486499698098127361,YNR023W,1,0
4486499698098127361,YNR040W,0,0
4486499698098127361,YNR048W,0,0
4486499698098127361,YNR051C,0,0
4486499698098127361,YNR052C,0,0
4486499698098127361,YNR054C,0,1
4486499698098127361,YOL001W,0,0
4486499698098127361,YOL013C,0,0
4486499698098127361,YOL045W,0,0
4486499698098127361,YOL051W,0,0
4486499698098127361,YOL059W,0,0
4486499698098127361,YOL060C,0,0
4486499698098127361,YOL066C,0,1
4486499698098127361,YOL069W,0,1
4486499698098127361,YOL070C,0,0
4486499698098127361,YOL151W,0,0
4486499698098127361,YOL159C,0,0
4486499698098127361,YOR007C,0,0
4486499698098127361,YOR008C,0,0
4486499698098127361,YOR023C,0,0
4486499698098127361,YOR064C,0,0
4486499698098127361,YOR078W,1,0
4486499698098127361,YOR112W,0,0
4486499698098127361,YOR117W,1,1
4486499698098127361,YOR120W,0,0
4486499698098127361,YOR138C,0,0
4486499698098127361,YOR158W,0,0
4486499698098127361,YOR173W,0,0
4486499698098127361,YOR182C,0,0
4486499698098127361,YOR184W,0,0
4486499698098127361,YOR239W,0,0
4486499698098127361,YOR241W,0,0
4486499698098127361,YOR244W,0,1
4486499698098127361,YOR261C,0,1
4486499698098127361,YOR262W,0,1
4486499698098127361,YOR264W,0,0
4486499698098127361,YOR267C,1,0
4486499698098127361,YOR281C,0,1
4486499698098127361,YOR283W,0,0
4486499698098127361,YOR290C,1,0
4486499698098127361,YOR312C,0,0
4486499698098127361,YOR321W,0,0
4486499698098127361,YOR341W,0,1
4486499698098127361,YOR344C,1,0
4486499698098127361,YOR349W,0,0
4486499698098127361,YOR358W,0,0
4486499698098127361,YOR361C,1,1
4486499698098127361,YOR372C,0,1
4486499698098127361,YOR385W,0,0
4486499698098127361,YPL002C,0,0
4486499698098127361,YPL012W,1,1
4486499698098127361,YPL013C,0,0
4486499698098127361,YPL048W,0,0
4486499698098127361,YPL063W,1,1
4486499698098127361,YPL065W,0,0
4486499698098127361,YPL067C,0,0
4486499698098127361,YPL091W,0,0
4486499698098127361,YPL115C,0,0
4486499698098127361,YPL118W,1,0
4486499698098127361,YPL126W,1,1
4486499698098127361,YPL145C,0,0
4486499698098127361,YPL151C,1,1
4486499698098127361,YPL163C,0,0
4486499698098127361,YPL181W,1,0
4486499698098127361,YPL194W,0,0
4486499698098127361,YPL198W,0,0
4486499698098127361,YPL203W,0,0
4486499698098127361,YPL221W,0,0
4486499698098127361,YPL227C,0,0
4486499698098127361,YPL260W,0,0
4486499698098127361,YPL265W,0,0
4486499698098127361,YPR032W,0,0
4486499698098127361,YPR045C,0,0
4486499698098127361,YPR062W,0,0
4486499698098127361,YPR063C,0,0
4486499698098127361,YPR067W,0,0
4486499698098127361,YPR072W,0,0
4486499698098127361,YPR074C,0,0
4486499698098127361,YPR079W,0,0
4486499698098127361,YPR103W,0,1
4486499698098127361,YPR105C,0,1
4486499698098127361,YPR119W,0,0
4486499698098127361,YPR124W,0,0
4486499698098127361,YPR125W,0,0
4486499698098127361,YPR135W,0,0
4486499698098127361,YPR152C,0,0
4486499698098127361,YPR155C,0,0
4486499698098127361,YPR174C,0,0
-6011395997425520207,YAL014C,0,0
-6011395997425520207,YAL033W,0,1
-6011395997425520207,YAL036C,0,0
-6011395997425520207,YAL047C,1,0
-6011395997425520207,YAL049C,0,0
-6011395997425520207,YAL053W,0,0
-6011395997425520207,YBL003C,1,0
-6011395997425520207,YBL005W,1,0
-6011395997425520207,YBL007C,1,0
-6011395997425520207,YBL010C,1,0
-6011395997425520207,YBL014C,1,1
-6011395997425520207,YBL015W,0,0
-6011395997425520207,YBL025W,1,0
-6011395997425520207,YBL026W,1,1
-6011395997425520207,YBL038W,0,0
-6011395997425520207,YBL045C,0,0
-6011395997425520207,YBL067C,1,0
-6011395997425520207,YBL072C,0,0
-6011395997425520207,YBL091C,1,0
-6011395997425520207,YBL098W,0,0
-6011395997425520207,YBL103C,1,0
-6011395997425520207,YBR003W,0,0
-6011395997425520207,YBR006W,0,0
-6011395997425520207,YBR034C,1,0
-6011395997425520207,YBR042C,0,0
-6011395997425520207,YBR043C,0,0
-6011395997425520207,YBR046C,1,0
-6011395997425520207,YBR056W,0,0
-6011395997425520207,YBR061C,1,0
-6011395997425520207,YBR073W,1,0
-6011395997425520207,YBR115C,1,0
-6011395997425520207,YBR117C,1,0
-6011395997425520207,YBR119W,1,0
-6011395997425520207,YBR125C,1,0
-6011395997425520207,YBR129C,0,0
-6011395997425520207,YBR137W,1,0
-6011395997425520207,YBR155W,1,1
-6011395997425520207,YBR171W,1,0
-6011395997425520207,YBR181C,0,0
-6011395997425520207,YBR187W,0,0
-6011395997425520207,YBR188C,0,0
-6011395997425520207,YBR197C,0,0
-6011395997425520207,YBR207W,0,0
-6011395997425520207,YBR211C,1,1
-6011395997425520207,YBR212W,0,0
-6011395997425520207,YBR223C,1,0
-6011395997425520207,YBR249C,0,0
-6011395997425520207,YBR251W,0,0
-6011395997425520207,YBR253W,1,1
-6011395997425520207,YBR260C,1,0
-6011395997425520207,YBR261C,0,0
-6011395997425520207,YBR273C,1,0
-6011395997425520207,YBR274W,0,0
-6011395997425520207,YBR281C,1,0
-6011395997425520207,YBR282W,0,0
-6011395997425520207,YBR287W,0,0
-6011395997425520207,YCL005W,0,0
-6011395997425520207,YCL045C,1,0
-6011395997425520207,YCL057W,1,0
-6011395997425520207,YCR002C,1,0
-6011395997425520207,YCR003W,0,0
-6011395997425520207,YCR012W,0,1
-6011395997425520207,YCR023C,0,0
-6011395997425520207,YCR035C,1,1
-6011395997425520207,YCR063W,1,0
-6011395997425520207,YDL008W,0,1
-6011395997425520207,YDL020C,1,0
-6011395997425520207,YDL022W,0,0
-6011395997425520207,YDL058W,1,1
-6011395997425520207,YDL063C,1,0
-6011395997425520207,YDL081C,0,0
-6011395997425520207,YDL082W,0,0
-6011395997425520207,YDL083C,0,0
-6011395997425520207,YDL088C,1,0
-6011395997425520207,YDL092W,1,1
-6011395997425520207,YDL097C,1,1
-6011395997425520207,YDL099W,1,0
-6011395997425520207,YDL101C,1,0
-6011395997425520207,YDL117W,1,0
-6011395997425520207,YDL126C,0,1
-6011395997425520207,YDL129W,1,0
-6011395997425520207,YDL171C,0,0
-6011395997425520207,YDL175C,1,0
-6011395997425520207,YDL192W,0,0
-6011395997425520207,YDL193W,1,1
-6011395997425520207,YDL201W,1,0
-6011395997425520207,YDL207W,1,1
-6011395997425520207,YDL216C,0,0
-6011395997425520207,YDL219W,0,0
-6011395997425520207,YDL224C,1,0
-6011395997425520207,YDL226C,0,0
-6011395997425520207,YDR005C,1,0
-6011395997425520207,YDR009W,0,0
-6011395997425520207,YDR017C,1,0
-6011395997425520207,YDR021W,1,1
-6011395997425520207,YDR040C,0,0
-6011395997425520207,YDR051C,1,0
-6011395997425520207,YDR054C,1,1
-6011395997425520207,YDR060W,1,1
-6011395997425520207,YDR071C,0,0
-6011395997425520207,YDR077W,0,0
-6011395997425520207,YDR092W,0,0
-6011395997425520207,YDR122W,1,0
-6011395997425520207,YDR135C,0,0
-6011395997425520207,YDR138W,1,0
-6011395997425520207,YDR180W,1,1
-6011395997425520207,YDR202C,1,0
-6011395997425520207,YDR205W,0,0
-6011395997425520207,YDR211W,1,1
-6011395997425520207,YDR214W,1,0
-6011395997425520207,YDR216W,1,0
-6011395997425520207,YDR251W,1,0
-6011395997425520207,YDR252W,1,0
-6011395997425520207,YDR267C,0,1
-6011395997425520207,YDR296W,0,0
-6011395997425520207,YDR318W,1,0
-6011395997425520207,YDR326C,1,0
-6011395997425520207,YDR329C,1,0
-6011395997425520207,YDR332W,0,0
-6011395997425520207,YDR345C,0,0
-6011395997425520207,YDR346C,1,0
-6011395997425520207,YDR357C,1,0
-6011395997425520207,YDR367W,0,1
-6011395997425520207,YDR369C,1,0
-6011395997425520207,YDR372C,1,0
-6011395997425520207,YDR394W,1,1
-6011395997425520207,YDR399W,1,0
-6011395997425520207,YDR404C,1,1
-6011395997425520207,YDR423C,0,0
-6011395997425520207,YDR425W,1,0
-6011395997425520207,YDR448W,1,0
-6011395997425520207,YDR449C,1,1
-6011395997425520207,YDR452W,0,0
-6011395997425520207,YDR471W,0,0
-6011395997425520207,YDR473C,1,1
-6011395997425520207,YDR477W,0,0
-6011395997425520207,YDR479C,0,0
-6011395997425520207,YDR485C,1,0
-6011395997425520207,YDR492W,0,0
-6011395997425520207,YDR496C,1,0
-6011395997425520207,YDR499W,1,1
-6011395997425520207,YDR505C,1,0
-6011395997425520207,YDR515W,1,0
-6011395997425520207,YDR524C,0,0
-6011395997425520207,YEL009C,1,0
-6011395997425520207,YEL022W,1,0
-6011395997425520207,YEL037C,1,0
-6011395997425520207,YEL051W,1,0
-6011395997425520207,YER025W,1,1
-6011395997425520207,YER031C,1,0
-6011395997425520207,YER047C,1,0
-6011395997425520207,YER053C,0,0
-6011395997425520207,YER077C,0,0
-6011395997425520207,YER083C,0,0
-6011395997425520207,YER120W,1,0
-6011395997425520207,YER151C,1,0
-6011395997425520207,YER164W,1,0
-6011395997425520207,YER172C,1,1
-6011395997425520207,YER174C,1,0
-6011395997425520207,YER177W,0,0
-6011395997425520207,YFL016C,0,0
-6011395997425520207,YFL018C,0,0
-6011395997425520207,YFL023W,1,0
-6011395997425520207,YFL026W,0,0
-6011395997425520207,YFL027C,0,0
-6011395997425520207,YFL044C,1,0
-6011395997425520207,YFL047W,1,0
-6011395997425520207,YFR014C,0,0
-6011395997425520207,YFR036W,1,0
-6011395997425520207,YGL006W,1,0
-6011395997425520207,YGL021W,1,0
-6011395997425520207,YGL022W,0,1
-6011395997425520207,YGL036W,1,0
-6011395997425520207,YGL049C,1,0
-6011395997425520207,YGL055W,0,1
-6011395997425520207,YGL057C,0,0
-6011395997425520207,YGL060W,0,0
-6011395997425520207,YGL062W,0,0
-6011395997425520207,YGL091C,1,1
-6011395997425520207,YGL092W,1,1
-6011395997425520207,YGL097W,1,1
-6011395997425520207,YGL128C,1,1
-6011395997425520207,YGL129C,0,0
-6011395997425520207,YGL130W,1,1
-6011395997425520207,YGL137W,1,1
-6011395997425520207,YGL163C,1,0
-6011395997425520207,YGL169W,1,1
-6011395997425520207,YGL172W,1,1
-6011395997425520207,YGL181W,1,0
-6011395997425520207,YGL221C,0,0
-6011395997425520207,YGL227W,1,0
-6011395997425520207,YGL233W,1,1
-6011395997425520207,YGL253W,0,0
-6011395997425520207,YGL256W,0,0
-6011395997425520207,YGR021W,0,0
-6011395997425520207,YGR036C,0,0
-6011395997425520207,YGR078C,0,0
-6011395997425520207,YGR100W,1,0
-6011395997425520207,YGR128C,1,1
-6011395997425520207,YGR134W,1,0
-6011395997425520207,YGR156W,1,1
-6011395997425520207,YGR162W,1,0
-6011395997425520207,YGR166W,1,0
-6011395997425520207,YGR189C,0,0
-6011395997425520207,YGR195W,1,1
-6011395997425520207,YGR202C,1,0
-6011395997425520207,YGR209C,0,0
-6011395997425520207,YGR232W,1,0
-6011395997425520207,YGR244C,0,0
-6011395997425520207,YGR247W,1,0
-6011395997425520207,YGR252W,1,0
-6011395997425520207,YGR257C,0,0
-6011395997425520207,YGR274C,1,1
-6011395997425520207,YGR284C,0,0
-6011395997425520207,YGR295C,0,0
-6011395997425520207,YHL003C,0,0
-6011395997425520207,YHL017W,0,0
-6011395997425520207,YHL018W,0,0
-6011395997425520207,YHL019C,1,0
-6011395997425520207,YHL020C,0,0
-6011395997425520207,YHL026C,0,0
-6011395997425520207,YHR005C,1,1
-6011395997425520207,YHR010W,0,0
-6011395997425520207,YHR021C,0,0
-6011395997425520207,YHR023W,1,1
-6011395997425520207,YHR024C,0,1
-6011395997425520207,YHR026W,0,0
-6011395997425520207,YHR039C,1,0
-6011395997425520207,YHR043C,1,0
-6011395997425520207,YHR053C,0,0
-6011395997425520207,YHR057C,0,0
-6011395997425520207,YHR060W,1,0
-6011395997425520207,YHR063C,0,0
-6011395997425520207,YHR068W,0,1
-6011395997425520207,YHR070W,0,1
-6011395997425520207,YHR074W,1,1
-6011395997425520207,YHR083W,0,1
-6011395997425520207,YHR114W,1,0
-6011395997425520207,YHR123W,0,0
-6011395997425520207,YHR127W,1,0
-6011395997425520207,YHR141C,0,0
-6011395997425520207,YHR158C,1,0
-6011395997425520207,YHR169W,1,0
-6011395997425520207,YHR170W,1,1
-6011395997425520207,YHR175W,0,0
-6011395997425520207,YHR178W,1,0
-6011395997425520207,YIL038C,1,0
-6011395997425520207,YIL052C,0,0
-6011395997425520207,YIL062C,1,1
-6011395997425520207,YIL063C,1,1
-6011395997425520207,YIL066C,0,0
-6011395997425520207,YIL076W,1,0
-6011395997425520207,YIL084C,1,0
-6011395997425520207,YIL124W,1,0
-6011395997425520207,YIL129C,1,1
-6011395997425520207,YIL130W,0,0
-6011395997425520207,YIL137C,1,0
-6011395997425520207,YIL138C,0,0
-6011395997425520207,YIL173W,1,0
-6011395997425520207,YIR022W,1,1
-6011395997425520207,YJL001W,1,1
-6011395997425520207,YJL004C,0,0
-6011395997425520207,YJL005W,1,1
-6011395997425520207,YJL026W,1,1
-6011395997425520207,YJL034W,0,1
-6011395997425520207,YJL055W,1,0
-6011395997425520207,YJL056C,0,0
-6011395997425520207,YJL057C,1,0
-6011395997425520207,YJL060W,0,0
-6011395997425520207,YJL065C,1,0
-6011395997425520207,YJL087C,1,1
-6011395997425520207,YJL090C,1,1
-6011395997425520207,YJL137C,0,0
-6011395997425520207,YJL140W,1,0
-6011395997425520207,YJL173C,1,1
-6011395997425520207,YJL183W,1,0
-6011395997425520207,YJL197W,1,0
-6011395997425520207,YJL203W,1,1
-6011395997425520207,YJR003C,0,0
-6011395997425520207,YJR006W,1,1
-6011395997425520207,YJR014W,0,0
-6011395997425520207,YJR033C,1,0
-6011395997425520207,YJR035W,1,0
-6011395997425520207,YJR052W,1,0
-6011395997425520207,YJR053W,1,0
-6011395997425520207,YJR067C,1,1
-6011395997425520207,YJR068W,1,1
-6011395997425520207,YJR075W,1,0
-6011395997425520207,YJR076C,1,1
-6011395997425520207,YJR103W,0,0
-6011395997425520207,YJR113C,0,0
-6011395997425520207,YJR136C,0,0
-6011395997425520207,YJR139C,0,0
-6011395997425520207,YKL001C,0,0
-6011395997425520207,YKL009W,1,0
-6011395997425520207,YKL012W,1,1
-6011395997425520207,YKL022C,1,1
-6011395997425520207,YKL025C,1,0
-6011395997425520207,YKL028W,1,1
-6011395997425520207,YKL041W,1,0
-6011395997425520207,YKL056C,0,0
-6011395997425520207,YKL060C,0,1
-6011395997425520207,YKL067W,1,0
-6011395997425520207,YKL078W,1,1
-6011395997425520207,YKL106W,0,0
-6011395997425520207,YKL114C,0,0
-6011395997425520207,YKL120W,0,0
-6011395997425520207,YKL138C,0,0
-6011395997425520207,YKL156W,0,0
-6011395997425520207,YKL166C,1,0
-6011395997425520207,YKL170W,0,0
-6011395997425520207,YKL176C,1,0
-6011395997425520207,YKL180W,0,1
-6011395997425520207,YKL183W,0,0
-6011395997425520207,YKL190W,0,0
-6011395997425520207,YKL197C,1,0
-6011395997425520207,YKL208W,0,0
-6011395997425520207,YKL210W,1,1
-6011395997425520207,YKL214C,1,0
-6011395997425520207,YKL222C,1,0
-6011395997425520207,YKR044W,0,0
-6011395997425520207,YKR065C,0,0
-6011395997425520207,YKR074W,1,0
-6011395997425520207,YKR077W,1,0
-6011395997425520207,YKR082W,1,0
-6011395997425520207,YKR083C,1,1
-6011395997425520207,YKR089C,1,0
-6011395997425520207,YKR092C,0,0
-6011395997425520207,YKR093W,0,0
-6011395997425520207,YKR100C,1,0
-6011395997425520207,YLL038C,0,0
-6011395997425520207,YLR001C,1,0
-6011395997425520207,YLR011W,0,0
-6011395997425520207,YLR028C,0,0
-6011395997425520207,YLR032W,0,0
-6011395997425520207,YLR034C,0,0
-6011395997425520207,YLR036C,0,0
-6011395997425520207,YLR045C,1,1
-6011395997425520207,YLR064W,0,0
-6011395997425520207,YLR075W,0,1
-6011395997425520207,YLR080W,0,0
-6011395997425520207,YLR115W,1,1
-6011395997425520207,YLR126C,0,0
-6011395997425520207,YLR130C,0,0
-6011395997425520207,YLR132C,0,1
-6011395997425520207,YLR136C,1,0
-6011395997425520207,YLR138W,0,0
-6011395997425520207,YLR145W,1,1
-6011395997425520207,YLR176C,1,0
-6011395997425520207,YLR182W,1,0
-6011395997425520207,YLR194C,0,0
-6011395997425520207,YLR200W,1,0
-6011395997425520207,YLR206W,0,0
-6011395997425520207,YLR215C,0,1
-6011395997425520207,YLR220W,0,0
-6011395997425520207,YLR223C,1,1
-6011395997425520207,YLR237W,0,0
-6011395997425520207,YLR247C,1,0
-6011395997425520207,YLR248W,1,0
-6011395997425520207,YLR254C,0,0
-6011395997425520207,YLR262C,1,0
-6011395997425520207,YLR295C,0,0
-6011395997425520207,YLR300W,0,0
-6011395997425520207,YLR310C,1,1
-6011395997425520207,YLR319C,1,0
-6011395997425520207,YLR321C,1,1
-6011395997425520207,YLR326W,0,0
-6011395997425520207,YLR328W,1,0
-6011395997425520207,YLR343W,0,0
-6011395997425520207,YLR351C,0,0
-6011395997425520207,YLR367W,0,0
-6011395997425520207,YLR376C,1,0
-6011395997425520207,YLR397C,1,1
-6011395997425520207,YLR412W,0,0
-6011395997425520207,YLR424W,1,1
-6011395997425520207,YLR429W,1,0
-6011395997425520207,YLR430W,1,1
-6011395997425520207,YLR432W,1,0
-6011395997425520207,YLR448W,0,0
-6011395997425520207,YLR450W,0,0
-6011395997425520207,YLR452C,1,0
-6011395997425520207,YLR454W,1,0
-6011395997425520207,YML008C,1,0
-6011395997425520207,YML011C,1,0
-6011395997425520207,YML023C,1,1
-6011395997425520207,YML031W,0,1
-6011395997425520207,YML034W,1,0
-6011395997425520207,YML037C,1,0
-6011395997425520207,YML062C,1,0
-6011395997425520207,YML094W,0,0
-6011395997425520207,YML098W,1,1
-6011395997425520207,YML100W,1,0
-6011395997425520207,YML110C,0,0
-6011395997425520207,YML116W,0,0
-6011395997425520207,YML127W,1,1
-6011395997425520207,YML129C,0,0
-6011395997425520207,YMR002W,0,0
-6011395997425520207,YMR010W,0,0
-6011395997425520207,YMR012W,1,0
-6011395997425520207,YMR014W,1,0
-6011395997425520207,YMR019W,1,0
-6011395997425520207,YMR036C,1,0
-6011395997425520207,YMR054W,0,0
-6011395997425520207,YMR059W,0,1
-6011395997425520207,YMR078C,1,0
-6011395997425520207,YMR080C,1,0
-6011395997425520207,YMR086W,1,0
-6011395997425520207,YMR093W,1,1
-6011395997425520207,YMR108W,0,0
-6011395997425520207,YMR123W,1,0
-6011395997425520207,YMR143W,0,0
-6011395997425520207,YMR152W,1,0
-6011395997425520207,YMR163C,1,0
-6011395997425520207,YMR167W,1,0
-6011395997425520207,YMR173W,0,0
-6011395997425520207,YMR177W,0,0
-6011395997425520207,YMR200W,1,1
-6011395997425520207,YMR213W,1,1
-6011395997425520207,YMR227C,1,1
-6011395997425520207,YMR234W,1,0
-6011395997425520207,YMR235C,1,1
-6011395997425520207,YMR246W,1,0
-6011395997425520207,YMR251W,0,0
-6011395997425520207,YMR257C,0,0
-6011395997425520207,YMR263W,0,0
-6011395997425520207,YMR270C,1,1
-6011395997425520207,YMR277W,1,1
-6011395997425520207,YMR284W,1,0
-6011395997425520207,YMR289W,0,0
-6011395997425520207,YMR304W,1,0
-6011395997425520207,YMR311C,1,0
-6011395997425520207,YNL016W,0,0
-6011395997425520207,YNL041C,1,0
-6011395997425520207,YNL049C,1,0
-6011395997425520207,YNL052W,0,0
-6011395997425520207,YNL066W,0,0
-6011395997425520207,YNL073W,0,0
-6011395997425520207,YNL078W,1,0
-6011395997425520207,YNL086W,1,0
-6011395997425520207,YNL110C,1,1
-6011395997425520207,YNL119W,1,0
-6011395997425520207,YNL131W,1,1
-6011395997425520207,YNL132W,1,1
-6011395997425520207,YNL142W,0,0
-6011395997425520207,YNL164C,0,0
-6011395997425520207,YNL186W,1,0
-6011395997425520207,YNL189W,1,1
-6011395997425520207,YNL224C,1,0
-6011395997425520207,YNL225C,1,0
-6011395997425520207,YNL231C,1,0
-6011395997425520207,YNL234W,1,0
-6011395997425520207,YNL236W,1,0
-6011395997425520207,YNL243W,1,0
-6011395997425520207,YNL247W,1,1
-6011395997425520207,YNL286W,1,0
-6011395997425520207,YNL315C,0,0
-6011395997425520207,YNR011C,1,1
-6011395997425520207,YNR012W,1,0
-6011395997425520207,YNR013C,0,0
-6011395997425520207,YNR016C,1,1
-6011395997425520207,YNR023W,1,0
-6011395997425520207,YNR040W,0,0
-6011395997425520207,YNR048W,0,0
-6011395997425520207,YNR051C,1,0
-6011395997425520207,YNR052C,0,0
-6011395997425520207,YNR054C,1,1
-6011395997425520207,YOL001W,1,0
-6011395997425520207,YOL013C,0,0
-6011395997425520207,YOL045W,1,0
-6011395997425520207,YOL051W,0,0
-6011395997425520207,YOL059W,1,0
-6011395997425520207,YOL060C,0,0
-6011395997425520207,YOL066C,0,1
-6011395997425520207,YOL069W,1,1
-6011395997425520207,YOL070C,0,0
-6011395997425520207,YOL151W,1,0
-6011395997425520207,YOL159C,0,0
-6011395997425520207,YOR007C,0,0
-6011395997425520207,YOR008C,0,0
-6011395997425520207,YOR023C,1,0
-6011395997425520207,YOR064C,0,0
-6011395997425520207,YOR078W,1,0
-6011395997425520207,YOR112W,1,0
-6011395997425520207,YOR117W,1,1
-6011395997425520207,YOR120W,1,0
-6011395997425520207,YOR138C,1,0
-6011395997425520207,YOR158W,0,0
-6011395997425520207,YOR173W,0,0
-6011395997425520207,YOR182C,0,0
-6011395997425520207,YOR184W,1,0
-6011395997425520207,YOR239W,0,0
-6011395997425520207,YOR241W,0,0
-6011395997425520207,YOR244W,1,1
-6011395997425520207,YOR261C,1,1
-6011395997425520207,YOR262W,0,1
-6011395997425520207,YOR264W,1,0
-6011395997425520207,YOR267C,0,0
-6011395997425520207,YOR281C,1,1
-6011395997425520207,YOR283W,1,0
-6011395997425520207,YOR290C,1,0
-6011395997425520207,YOR312C,0,0
-6011395997425520207,YOR321W,0,0
-6011395997425520207,YOR341W,1,1
-6011395997425520207,YOR344C,1,0
-6011395997425520207,YOR349W,1,0
-6011395997425520207,YOR358W,0,0
-6011395997425520207,YOR361C,1,1
-6011395997425520207,YOR372C,0,1
-6011395997425520207,YOR385W,0,0
-6011395997425520207,YPL002C,0,0
-6011395997425520207,YPL012W,1,1
-6011395997425520207,YPL013C,0,0
-6011395997425520207,YPL048W,0,0
-6011395997425520207,YPL063W,0,1
-6011395997425520207,YPL065W,1,0
-6011395997425520207,YPL067C,0,0
-6011395997425520207,YPL091W,0,0
-6011395997425520207,YPL115C,1,0
-6011395997425520207,YPL118W,0,0
-6011395997425520207,YPL126W,1,1
-6011395997425520207,YPL145C,1,0
-6011395997425520207,YPL151C,1,1
-6011395997425520207,YPL163C,0,0
-6011395997425520207,YPL181W,1,0
-6011395997425520207,YPL194W,1,0
-6011395997425520207,YPL198W,0,0
-6011395997425520207,YPL203W,1,0
-6011395997425520207,YPL221W,0,0
-6011395997425520207,YPL227C,1,0
-6011395997425520207,YPL260W,1,0
-6011395997425520207,YPL265W,0,0
-6011395997425520207,YPR032W,1,0
-6011395997425520207,YPR045C,1,0
-6011395997425520207,YPR062W,0,0
-6011395997425520207,YPR063C,0,0
-6011395997425520207,YPR067W,0,0
-6011395997425520207,YPR072W,1,0
-6011395997425520207,YPR074C,0,0
-6011395997425520207,YPR079W,0,0
-6011395997425520207,YPR103W,1,1
-6011395997425520207,YPR105C,1,1
-6011395997425520207,YPR119W,1,0
-6011395997425520207,YPR124W,0,0
-6011395997425520207,YPR125W,0,0
-6011395997425520207,YPR135W,1,0
-6011395997425520207,YPR152C,0,0
-6011395997425520207,YPR155C,0,0
-6011395997425520207,YPR174C,1,0
-5604077049349121365,YAL014C,0,0
-5604077049349121365,YAL033W,0,1
-5604077049349121365,YAL036C,0,0
-5604077049349121365,YAL047C,0,0
-5604077049349121365,YAL049C,0,0
-5604077049349121365,YAL053W,0,0
-5604077049349121365,YBL003C,1,0
-5604077049349121365,YBL005W,0,0
-5604077049349121365,YBL007C,0,0
-5604077049349121365,YBL010C,0,0
-5604077049349121365,YBL014C,0,1
-5604077049349121365,YBL015W,0,0
-5604077049349121365,YBL025W,0,0
-5604077049349121365,YBL026W,1,1
-5604077049349121365,YBL038W,0,0
-5604077049349121365,YBL045C,0,0
-5604077049349121365,YBL067C,0,0
-5604077049349121365,YBL072C,0,0
-5604077049349121365,YBL091C,0,0
-5604077049349121365,YBL098W,0,0
-5604077049349121365,YBL103C,0,0
-5604077049349121365,YBR003W,0,0
-5604077049349121365,YBR006W,0,0
-5604077049349121365,YBR034C,0,0
-5604077049349121365,YBR042C,0,0
-5604077049349121365,YBR043C,0,0
-5604077049349121365,YBR046C,0,0
-5604077049349121365,YBR056W,0,0
-5604077049349121365,YBR061C,0,0
-5604077049349121365,YBR073W,0,0
-5604077049349121365,YBR115C,0,0
-5604077049349121365,YBR117C,0,0
-5604077049349121365,YBR119W,0,0
-5604077049349121365,YBR125C,0,0
-5604077049349121365,YBR129C,0,0
-5604077049349121365,YBR137W,0,0
-5604077049349121365,YBR155W,0,1
-5604077049349121365,YBR171W,0,0
-5604077049349121365,YBR181C,0,0
-5604077049349121365,YBR187W,0,0
-5604077049349121365,YBR188C,0,0
-5604077049349121365,YBR197C,0,0
-5604077049349121365,YBR207W,0,0
-5604077049349121365,YBR211C,0,1
-5604077049349121365,YBR212W,0,0
-5604077049349121365,YBR223C,0,0
-5604077049349121365,YBR249C,0,0
-5604077049349121365,YBR251W,0,0
-5604077049349121365,YBR253W,0,1
-5604077049349121365,YBR260C,0,0
-5604077049349121365,YBR261C,0,0
-5604077049349121365,YBR273C,0,0
-5604077049349121365,YBR274W,0,0
-5604077049349121365,YBR281C,0,0
-5604077049349121365,YBR282W,0,0
-5604077049349121365,YBR287W,0,0
-5604077049349121365,YCL005W,0,0
-5604077049349121365,YCL045C,0,0
-5604077049349121365,YCL057W,0,0
-5604077049349121365,YCR002C,0,0
-5604077049349121365,YCR003W,0,0
-5604077049349121365,YCR012W,0,1
-5604077049349121365,YCR023C,0,0
-5604077049349121365,YCR035C,0,1
-5604077049349121365,YCR063W,0,0
-5604077049349121365,YDL008W,0,1
-5604077049349121365,YDL020C,0,0
-5604077049349121365,YDL022W,0,0
-5604077049349121365,YDL058W,0,1
-5604077049349121365,YDL063C,0,0
-5604077049349121365,YDL081C,0,0
-5604077049349121365,YDL082W,0,0
-5604077049349121365,YDL083C,0,0
-5604077049349121365,YDL088C,0,0
-5604077049349121365,YDL092W,0,1
-5604077049349121365,YDL097C,0,1
-5604077049349121365,YDL099W,0,0
-5604077049349121365,YDL101C,0,0
-5604077049349121365,YDL117W,0,0
-5604077049349121365,YDL126C,0,1
-5604077049349121365,YDL129W,0,0
-5604077049349121365,YDL171C,0,0
-5604077049349121365,YDL175C,0,0
-5604077049349121365,YDL192W,0,0
-5604077049349121365,YDL193W,0,1
-5604077049349121365,YDL201W,0,0
-5604077049349121365,YDL207W,0,1
-5604077049349121365,YDL216C,0,0
-5604077049349121365,YDL219W,0,0
-5604077049349121365,YDL224C,0,0
-5604077049349121365,YDL226C,0,0
-5604077049349121365,YDR005C,0,0
-5604077049349121365,YDR009W,0,0
-5604077049349121365,YDR017C,0,0
-5604077049349121365,YDR021W,0,1
-5604077049349121365,YDR040C,0,0
-5604077049349121365,YDR051C,0,0
-5604077049349121365,YDR054C,0,1
-5604077049349121365,YDR060W,0,1
-5604077049349121365,YDR071C,0,0
-5604077049349121365,YDR077W,0,0
-5604077049349121365,YDR092W,0,0
-5604077049349121365,YDR122W,0,0
-5604077049349121365,YDR135C,0,0
-5604077049349121365,YDR138W,0,0
-5604077049349121365,YDR180W,0,1
-5604077049349121365,YDR202C,0,0
-5604077049349121365,YDR205W,0,0
-5604077049349121365,YDR211W,0,1
-5604077049349121365,YDR214W,0,0
-5604077049349121365,YDR216W,0,0
-5604077049349121365,YDR251W,0,0
-5604077049349121365,YDR252W,0,0
-5604077049349121365,YDR267C,0,1
-5604077049349121365,YDR296W,0,0
-5604077049349121365,YDR318W,0,0
-5604077049349121365,YDR326C,0,0
-5604077049349121365,YDR329C,0,0
-5604077049349121365,YDR332W,0,0
-5604077049349121365,YDR345C,0,0
-5604077049349121365,YDR346C,0,0
-5604077049349121365,YDR357C,0,0
-5604077049349121365,YDR367W,0,1
-5604077049349121365,YDR369C,0,0
-5604077049349121365,YDR372C,0,0
-5604077049349121365,YDR394W,0,1
-5604077049349121365,YDR399W,0,0
-5604077049349121365,YDR404C,0,1
-5604077049349121365,YDR423C,0,0
-5604077049349121365,YDR425W,0,0
-5604077049349121365,YDR448W,0,0
-5604077049349121365,YDR449C,0,1
-5604077049349121365,YDR452W,0,0
-5604077049349121365,YDR471W,0,0
-5604077049349121365,YDR473C,0,1
-5604077049349121365,YDR477W,0,0
-5604077049349121365,YDR479C,0,0
-5604077049349121365,YDR485C,0,0
-5604077049349121365,YDR492W,0,0
-5604077049349121365,YDR496C,0,0
-5604077049349121365,YDR499W,0,1
-5604077049349121365,YDR505C,0,0
-5604077049349121365,YDR515W,0,0
-5604077049349121365,YDR524C,0,0
-5604077049349121365,YEL009C,0,0
-5604077049349121365,YEL022W,0,0
-5604077049349121365,YEL037C,0,0
-5604077049349121365,YEL051W,0,0
-5604077049349121365,YER025W,0,1
-5604077049349121365,YER031C,0,0
-5604077049349121365,YER047C,0,0
-5604077049349121365,YER053C,0,0
-5604077049349121365,YER077C,0,0
-5604077049349121365,YER083C,0,0
-5604077049349121365,YER120W,0,0
-5604077049349121365,YER151C,0,0
-5604077049349121365,YER164W,0,0
-5604077049349121365,YER172C,0,1
-5604077049349121365,YER174C,0,0
-5604077049349121365,YER177W,0,0
-5604077049349121365,YFL016C,0,0
-5604077049349121365,YFL018C,0,0
-5604077049349121365,YFL023W,0,0
-5604077049349121365,YFL026W,0,0
-5604077049349121365,YFL027C,0,0
-5604077049349121365,YFL044C,0,0
-5604077049349121365,YFL047W,0,0
-5604077049349121365,YFR014C,0,0
-5604077049349121365,YFR036W,0,0
-5604077049349121365,YGL006W,0,0
-5604077049349121365,YGL021W,0,0
-5604077049349121365,YGL022W,0,1
-5604077049349121365,YGL036W,0,0
-5604077049349121365,YGL049C,0,0
-5604077049349121365,YGL055W,0,1
-5604077049349121365,YGL057C,0,0
-5604077049349121365,YGL060W,0,0
-5604077049349121365,YGL062W,0,0
-5604077049349121365,YGL091C,0,1
-5604077049349121365,YGL092W,0,1
-5604077049349121365,YGL097W,0,1
-5604077049349121365,YGL128C,0,1
-5604077049349121365,YGL129C,0,0
-5604077049349121365,YGL130W,0,1
-5604077049349121365,YGL137W,0,1
-5604077049349121365,YGL163C,0,0
-5604077049349121365,YGL169W,0,1
-5604077049349121365,YGL172W,0,1
-5604077049349121365,YGL181W,0,0
-5604077049349121365,YGL221C,0,0
-5604077049349121365,YGL227W,0,0
-5604077049349121365,YGL233W,0,1
-5604077049349121365,YGL253W,0,0
-5604077049349121365,YGL256W,0,0
-5604077049349121365,YGR021W,0,0
-5604077049349121365,YGR036C,0,0
-5604077049349121365,YGR078C,0,0
-5604077049349121365,YGR100W,0,0
-5604077049349121365,YGR128C,0,1
-5604077049349121365,YGR134W,0,0
-5604077049349121365,YGR156W,0,1
-5604077049349121365,YGR162W,0,0
-5604077049349121365,YGR166W,0,0
-5604077049349121365,YGR189C,0,0
-5604077049349121365,YGR195W,0,1
-5604077049349121365,YGR202C,0,0
-5604077049349121365,YGR209C,0,0
-5604077049349121365,YGR232W,0,0
-5604077049349121365,YGR244C,0,0
-5604077049349121365,YGR247W,0,0
-5604077049349121365,YGR252W,0,0
-5604077049349121365,YGR257C,0,0
-5604077049349121365,YGR274C,0,1
-5604077049349121365,YGR284C,0,0
-5604077049349121365,YGR295C,0,0
-5604077049349121365,YHL003C,0,0
-5604077049349121365,YHL017W,0,0
-5604077049349121365,YHL018W,0,0
-5604077049349121365,YHL019C,0,0
-5604077049349121365,YHL020C,0,0
-5604077049349121365,YHL026C,0,0
-5604077049349121365,YHR005C,0,1
-5604077049349121365,YHR010W,0,0
-5604077049349121365,YHR021C,0,0
-5604077049349121365,YHR023W,0,1
-5604077049349121365,YHR024C,0,1
-5604077049349121365,YHR026W,0,0
-5604077049349121365,YHR039C,0,0
-5604077049349121365,YHR043C,0,0
-5604077049349121365,YHR053C,0,0
-5604077049349121365,YHR057C,0,0
-5604077049349121365,YHR060W,0,0
-5604077049349121365,YHR063C,0,0
-5604077049349121365,YHR068W,0,1
-5604077049349121365,YHR070W,0,1
-5604077049349121365,YHR074W,0,1
-5604077049349121365,YHR083W,0,1
-5604077049349121365,YHR114W,0,0
-5604077049349121365,YHR123W,0,0
-5604077049349121365,YHR127W,0,0
-5604077049349121365,YHR141C,0,0
-5604077049349121365,YHR158C,0,0
-5604077049349121365,YHR169W,0,0
-5604077049349121365,YHR170W,0,1
-5604077049349121365,YHR175W,0,0
-5604077049349121365,YHR178W,0,0
-5604077049349121365,YIL038C,0,0
-5604077049349121365,YIL052C,0,0
-5604077049349121365,YIL062C,0,1
-5604077049349121365,YIL063C,0,1
-5604077049349121365,YIL066C,0,0
-5604077049349121365,YIL076W,0,0
-5604077049349121365,YIL084C,0,0
-5604077049349121365,YIL124W,0,0
-5604077049349121365,YIL129C,0,1
-5604077049349121365,YIL130W,0,0
-5604077049349121365,YIL137C,0,0
-5604077049349121365,YIL138C,0,0
-5604077049349121365,YIL173W,0,0
-5604077049349121365,YIR022W,0,1
-5604077049349121365,YJL001W,0,1
-5604077049349121365,YJL004C,0,0
-5604077049349121365,YJL005W,0,1
-5604077049349121365,YJL026W,0,1
-5604077049349121365,YJL034W,0,1
-5604077049349121365,YJL055W,0,0
-5604077049349121365,YJL056C,0,0
-5604077049349121365,YJL057C,0,0
-5604077049349121365,YJL060W,0,0
-5604077049349121365,YJL065C,0,0
-5604077049349121365,YJL087C,0,1
-5604077049349121365,YJL090C,0,1
-5604077049349121365,YJL137C,0,0
-5604077049349121365,YJL140W,0,0
-5604077049349121365,YJL173C,0,1
-5604077049349121365,YJL183W,0,0
-5604077049349121365,YJL197W,0,0
-5604077049349121365,YJL203W,0,1
-5604077049349121365,YJR003C,0,0
-5604077049349121365,YJR006W,0,1
-5604077049349121365,YJR014W,0,0
-5604077049349121365,YJR033C,0,0
-5604077049349121365,YJR035W,0,0
-5604077049349121365,YJR052W,0,0
-5604077049349121365,YJR053W,0,0
-5604077049349121365,YJR067C,0,1
-5604077049349121365,YJR068W,0,1
-5604077049349121365,YJR075W,0,0
-5604077049349121365,YJR076C,0,1
-5604077049349121365,YJR103W,0,0
-5604077049349121365,YJR113C,0,0
-5604077049349121365,YJR136C,0,0
-5604077049349121365,YJR139C,0,0
-5604077049349121365,YKL001C,0,0
-5604077049349121365,YKL009W,0,0
-5604077049349121365,YKL012W,0,1
-5604077049349121365,YKL022C,0,1
-5604077049349121365,YKL025C,0,0
-5604077049349121365,YKL028W,0,1
-5604077049349121365,YKL041W,0,0
-5604077049349121365,YKL056C,0,0
-5604077049349121365,YKL060C,0,1
-5604077049349121365,YKL067W,0,0
-5604077049349121365,YKL078W,0,1
-5604077049349121365,YKL106W,0,0
-5604077049349121365,YKL114C,0,0
-5604077049349121365,YKL120W,0,0
-5604077049349121365,YKL138C,0,0
-5604077049349121365,YKL156W,0,0
-5604077049349121365,YKL166C,0,0
-5604077049349121365,YKL170W,0,0
-5604077049349121365,YKL176C,0,0
-5604077049349121365,YKL180W,0,1
-5604077049349121365,YKL183W,0,0
-5604077049349121365,YKL190W,0,0
-5604077049349121365,YKL197C,0,0
-5604077049349121365,YKL208W,0,0
-5604077049349121365,YKL210W,0,1
-5604077049349121365,YKL214C,0,0
-5604077049349121365,YKL222C,0,0
-5604077049349121365,YKR044W,0,0
-5604077049349121365,YKR065C,0,0
-5604077049349121365,YKR074W,0,0
-5604077049349121365,YKR077W,0,0
-5604077049349121365,YKR082W,0,0
-5604077049349121365,YKR083C,0,1
-5604077049349121365,YKR089C,0,0
-5604077049349121365,YKR092C,0,0
-5604077049349121365,YKR093W,0,0
-5604077049349121365,YKR100C,0,0
-5604077049349121365,YLL038C,0,0
-5604077049349121365,YLR001C,0,0
-5604077049349121365,YLR011W,0,0
-5604077049349121365,YLR028C,0,0
-5604077049349121365,YLR032W,0,0
-5604077049349121365,YLR034C,0,0
-5604077049349121365,YLR036C,0,0
-5604077049349121365,YLR045C,0,1
-5604077049349121365,YLR064W,0,0
-5604077049349121365,YLR075W,0,1
-5604077049349121365,YLR080W,0,0
-5604077049349121365,YLR115W,0,1
-5604077049349121365,YLR126C,0,0
-5604077049349121365,YLR130C,0,0
-5604077049349121365,YLR132C,0,1
-5604077049349121365,YLR136C,0,0
-5604077049349121365,YLR138W,0,0
-5604077049349121365,YLR145W,0,1
-5604077049349121365,YLR176C,0,0
-5604077049349121365,YLR182W,0,0
-5604077049349121365,YLR194C,0,0
-5604077049349121365,YLR200W,0,0
-5604077049349121365,YLR206W,0,0
-5604077049349121365,YLR215C,0,1
-5604077049349121365,YLR220W,0,0
-5604077049349121365,YLR223C,0,1
-5604077049349121365,YLR237W,0,0
-5604077049349121365,YLR247C,0,0
-5604077049349121365,YLR248W,0,0
-5604077049349121365,YLR254C,0,0
-5604077049349121365,YLR262C,0,0
-5604077049349121365,YLR295C,1,0
-5604077049349121365,YLR300W,0,0
-5604077049349121365,YLR310C,0,1
-5604077049349121365,YLR319C,0,0
-5604077049349121365,YLR321C,0,1
-5604077049349121365,YLR326W,0,0
-5604077049349121365,YLR328W,0,0
-5604077049349121365,YLR343W,0,0
-5604077049349121365,YLR351C,0,0
-5604077049349121365,YLR367W,0,0
-5604077049349121365,YLR376C,0,0
-5604077049349121365,YLR397C,0,1
-5604077049349121365,YLR412W,0,0
-5604077049349121365,YLR424W,0,1
-5604077049349121365,YLR429W,0,0
-5604077049349121365,YLR430W,0,1
-5604077049349121365,YLR432W,0,0
-5604077049349121365,YLR448W,0,0
-5604077049349121365,YLR450W,0,0
-5604077049349121365,YLR452C,0,0
-5604077049349121365,YLR454W,0,0
-5604077049349121365,YML008C,0,0
-5604077049349121365,YML011C,0,0
-5604077049349121365,YML023C,0,1
-5604077049349121365,YML031W,0,1
-5604077049349121365,YML034W,0,0
-5604077049349121365,YML037C,0,0
-5604077049349121365,YML062C,0,0
-5604077049349121365,YML094W,0,0
-5604077049349121365,YML098W,0,1
-5604077049349121365,YML100W,0,0
-5604077049349121365,YML110C,0,0
-5604077049349121365,YML116W,0,0
-5604077049349121365,YML127W,0,1
-5604077049349121365,YML129C,0,0
-5604077049349121365,YMR002W,0,0
-5604077049349121365,YMR010W,0,0
-5604077049349121365,YMR012W,0,0
-5604077049349121365,YMR014W,0,0
-5604077049349121365,YMR019W,0,0
-5604077049349121365,YMR036C,0,0
-5604077049349121365,YMR054W,0,0
-5604077049349121365,YMR059W,0,1
-5604077049349121365,YMR078C,0,0
-5604077049349121365,YMR080C,0,0
-5604077049349121365,YMR086W,0,0
-5604077049349121365,YMR093W,0,1
-5604077049349121365,YMR108W,0,0
-5604077049349121365,YMR123W,0,0
-5604077049349121365,YMR143W,0,0
-5604077049349121365,YMR152W,0,0
-5604077049349121365,YMR163C,0,0
-5604077049349121365,YMR167W,0,0
-5604077049349121365,YMR173W,0,0
-5604077049349121365,YMR177W,0,0
-5604077049349121365,YMR200W,0,1
-5604077049349121365,YMR213W,0,1
-5604077049349121365,YMR227C,0,1
-5604077049349121365,YMR234W,0,0
-5604077049349121365,YMR235C,0,1
-5604077049349121365,YMR246W,0,0
-5604077049349121365,YMR251W,0,0
-5604077049349121365,YMR257C,0,0
-5604077049349121365,YMR263W,0,0
-5604077049349121365,YMR270C,0,1
-5604077049349121365,YMR277W,0,1
-5604077049349121365,YMR284W,0,0
-5604077049349121365,YMR289W,0,0
-5604077049349121365,YMR304W,0,0
-5604077049349121365,YMR311C,0,0
-5604077049349121365,YNL016W,0,0
-5604077049349121365,YNL041C,0,0
-5604077049349121365,YNL049C,0,0
-5604077049349121365,YNL052W,0,0
-5604077049349121365,YNL066W,0,0
-5604077049349121365,YNL073W,0,0
-5604077049349121365,YNL078W,0,0
-5604077049349121365,YNL086W,0,0
-5604077049349121365,YNL110C,0,1
-5604077049349121365,YNL119W,0,0
-5604077049349121365,YNL131W,0,1
-5604077049349121365,YNL132W,0,1
-5604077049349121365,YNL142W,0,0
-5604077049349121365,YNL164C,0,0
-5604077049349121365,YNL186W,0,0
-5604077049349121365,YNL189W,1,1
-5604077049349121365,YNL224C,0,0
-5604077049349121365,YNL225C,0,0
-5604077049349121365,YNL231C,0,0
-5604077049349121365,YNL234W,0,0
-5604077049349121365,YNL236W,0,0
-5604077049349121365,YNL243W,0,0
-5604077049349121365,YNL247W,0,1
-5604077049349121365,YNL286W,0,0
-5604077049349121365,YNL315C,0,0
-5604077049349121365,YNR011C,0,1
-5604077049349121365,YNR012W,0,0
-5604077049349121365,YNR013C,0,0
-5604077049349121365,YNR016C,0,1
-5604077049349121365,YNR023W,0,0
-5604077049349121365,YNR040W,0,0
-5604077049349121365,YNR048W,0,0
-5604077049349121365,YNR051C,0,0
-5604077049349121365,YNR052C,0,0
-5604077049349121365,YNR054C,0,1
-5604077049349121365,YOL001W,0,0
-5604077049349121365,YOL013C,0,0
-5604077049349121365,YOL045W,0,0
-5604077049349121365,YOL051W,0,0
-5604077049349121365,YOL059W,0,0
-5604077049349121365,YOL060C,0,0
-5604077049349121365,YOL066C,0,1
-5604077049349121365,YOL069W,0,1
-5604077049349121365,YOL070C,0,0
-5604077049349121365,YOL151W,0,0
-5604077049349121365,YOL159C,0,0
-5604077049349121365,YOR007C,0,0
-5604077049349121365,YOR008C,0,0
-5604077049349121365,YOR023C,0,0
-5604077049349121365,YOR064C,0,0
-5604077049349121365,YOR078W,0,0
-5604077049349121365,YOR112W,0,0
-5604077049349121365,YOR117W,0,1
-5604077049349121365,YOR120W,0,0
-5604077049349121365,YOR138C,0,0
-5604077049349121365,YOR158W,0,0
-5604077049349121365,YOR173W,0,0
-5604077049349121365,YOR182C,0,0
-5604077049349121365,YOR184W,0,0
-5604077049349121365,YOR239W,0,0
-5604077049349121365,YOR241W,0,0
-5604077049349121365,YOR244W,0,1
-5604077049349121365,YOR261C,0,1
-5604077049349121365,YOR262W,0,1
-5604077049349121365,YOR264W,0,0
-5604077049349121365,YOR267C,0,0
-5604077049349121365,YOR281C,0,1
-5604077049349121365,YOR283W,0,0
-5604077049349121365,YOR290C,0,0
-5604077049349121365,YOR312C,0,0
-5604077049349121365,YOR321W,0,0
-5604077049349121365,YOR341W,0,1
-5604077049349121365,YOR344C,0,0
-5604077049349121365,YOR349W,0,0
-5604077049349121365,YOR358W,0,0
-5604077049349121365,YOR361C,0,1
-5604077049349121365,YOR372C,0,1
-5604077049349121365,YOR385W,0,0
-5604077049349121365,YPL002C,0,0
-5604077049349121365,YPL012W,0,1
-5604077049349121365,YPL013C,0,0
-5604077049349121365,YPL048W,0,0
-5604077049349121365,YPL063W,0,1
-5604077049349121365,YPL065W,0,0
-5604077049349121365,YPL067C,0,0
-5604077049349121365,YPL091W,0,0
-5604077049349121365,YPL115C,0,0
-5604077049349121365,YPL118W,0,0
-5604077049349121365,YPL126W,0,1
-5604077049349121365,YPL145C,0,0
-5604077049349121365,YPL151C,0,1
-5604077049349121365,YPL163C,0,0
-5604077049349121365,YPL181W,0,0
-5604077049349121365,YPL194W,0,0
-5604077049349121365,YPL198W,0,0
-5604077049349121365,YPL203W,0,0
-5604077049349121365,YPL221W,0,0
-5604077049349121365,YPL227C,0,0
-5604077049349121365,YPL260W,0,0
-5604077049349121365,YPL265W,0,0
-5604077049349121365,YPR032W,0,0
-5604077049349121365,YPR045C,0,0
-5604077049349121365,YPR062W,0,0
-5604077049349121365,YPR063C,0,0
-5604077049349121365,YPR067W,0,0
-5604077049349121365,YPR072W,0,0
-5604077049349121365,YPR074C,0,0
-5604077049349121365,YPR079W,0,0
-5604077049349121365,YPR103W,0,1
-5604077049349121365,YPR105C,0,1
-5604077049349121365,YPR119W,0,0
-5604077049349121365,YPR124W,0,0
-5604077049349121365,YPR125W,0,0
-5604077049349121365,YPR135W,0,0
-5604077049349121365,YPR152C,0,0
-5604077049349121365,YPR155C,0,0
-5604077049349121365,YPR174C,0,0
-1308053667768854130,YAL014C,0,0
-1308053667768854130,YAL033W,0,1
-1308053667768854130,YAL036C,0,0
-1308053667768854130,YAL047C,0,0
-1308053667768854130,YAL049C,0,0
-1308053667768854130,YAL053W,0,0
-1308053667768854130,YBL003C,0,0
-1308053667768854130,YBL005W,0,0
-1308053667768854130,YBL007C,0,0
-1308053667768854130,YBL010C,0,0
-1308053667768854130,YBL014C,0,1
-1308053667768854130,YBL015W,0,0
-1308053667768854130,YBL025W,0,0
-1308053667768854130,YBL026W,0,1
-1308053667768854130,YBL038W,0,0
-1308053667768854130,YBL045C,0,0
-1308053667768854130,YBL067C,0,0
-1308053667768854130,YBL072C,0,0
-1308053667768854130,YBL091C,0,0
-1308053667768854130,YBL098W,0,0
-1308053667768854130,YBL103C,0,0
-1308053667768854130,YBR003W,0,0
-1308053667768854130,YBR006W,0,0
-1308053667768854130,YBR034C,0,0
-1308053667768854130,YBR042C,0,0
-1308053667768854130,YBR043C,0,0
-1308053667768854130,YBR046C,0,0
-1308053667768854130,YBR056W,0,0
-1308053667768854130,YBR061C,0,0
-1308053667768854130,YBR073W,0,0
-1308053667768854130,YBR115C,0,0
-1308053667768854130,YBR117C,0,0
-1308053667768854130,YBR119W,0,0
-1308053667768854130,YBR125C,0,0
-1308053667768854130,YBR129C,0,0
-1308053667768854130,YBR137W,0,0
-1308053667768854130,YBR155W,0,1
-1308053667768854130,YBR171W,1,0
-1308053667768854130,YBR181C,0,0
-1308053667768854130,YBR187W,0,0
-1308053667768854130,YBR188C,0,0
-1308053667768854130,YBR197C,0,0
-1308053667768854130,YBR207W,0,0
-1308053667768854130,YBR211C,0,1
-1308053667768854130,YBR212W,0,0
-1308053667768854130,YBR223C,0,0
-1308053667768854130,YBR249C,0,0
-1308053667768854130,YBR251W,0,0
-1308053667768854130,YBR253W,0,1
-1308053667768854130,YBR260C,0,0
-1308053667768854130,YBR261C,0,0
-1308053667768854130,YBR273C,0,0
-1308053667768854130,YBR274W,0,0
-1308053667768854130,YBR281C,0,0
-1308053667768854130,YBR282W,0,0
-1308053667768854130,YBR287W,0,0
-1308053667768854130,YCL005W,0,0
-1308053667768854130,YCL045C,0,0
-1308053667768854130,YCL057W,0,0
-1308053667768854130,YCR002C,0,0
-1308053667768854130,YCR003W,0,0
-1308053667768854130,YCR012W,1,1
-1308053667768854130,YCR023C,0,0
-1308053667768854130,YCR035C,1,1
-1308053667768854130,YCR063W,0,0
-1308053667768854130,YDL008W,1,1
-1308053667768854130,YDL020C,0,0
-1308053667768854130,YDL022W,0,0
-1308053667768854130,YDL058W,0,1
-1308053667768854130,YDL063C,0,0
-1308053667768854130,YDL081C,0,0
-1308053667768854130,YDL082W,0,0
-1308053667768854130,YDL083C,0,0
-1308053667768854130,YDL088C,0,0
-1308053667768854130,YDL092W,0,1
-1308053667768854130,YDL097C,1,1
-1308053667768854130,YDL099W,0,0
-1308053667768854130,YDL101C,1,0
-1308053667768854130,YDL117W,0,0
-1308053667768854130,YDL126C,0,1
-1308053667768854130,YDL129W,0,0
-1308053667768854130,YDL171C,0,0
-1308053667768854130,YDL175C,0,0
-1308053667768854130,YDL192W,0,0
-1308053667768854130,YDL193W,1,1
-1308053667768854130,YDL201W,0,0
-1308053667768854130,YDL207W,0,1
-1308053667768854130,YDL216C,0,0
-1308053667768854130,YDL219W,0,0
-1308053667768854130,YDL224C,0,0
-1308053667768854130,YDL226C,0,0
-1308053667768854130,YDR005C,0,0
-1308053667768854130,YDR009W,0,0
-1308053667768854130,YDR017C,0,0
-1308053667768854130,YDR021W,1,1
-1308053667768854130,YDR040C,0,0
-1308053667768854130,YDR051C,0,0
-1308053667768854130,YDR054C,0,1
-1308053667768854130,YDR060W,0,1
-1308053667768854130,YDR071C,0,0
-1308053667768854130,YDR077W,0,0
-1308053667768854130,YDR092W,0,0
-1308053667768854130,YDR122W,0,0
-1308053667768854130,YDR135C,0,0
-1308053667768854130,YDR138W,0,0
-1308053667768854130,YDR180W,0,1
-1308053667768854130,YDR202C,0,0
-1308053667768854130,YDR205W,0,0
-1308053667768854130,YDR211W,0,1
-1308053667768854130,YDR214W,0,0
-1308053667768854130,YDR216W,0,0
-1308053667768854130,YDR251W,0,0
-1308053667768854130,YDR252W,0,0
-1308053667768854130,YDR267C,0,1
-1308053667768854130,YDR296W,0,0
-1308053667768854130,YDR318W,1,0
-1308053667768854130,YDR326C,0,0
-1308053667768854130,YDR329C,0,0
-1308053667768854130,YDR332W,0,0
-1308053667768854130,YDR345C,0,0
-1308053667768854130,YDR346C,0,0
-1308053667768854130,YDR357C,0,0
-1308053667768854130,YDR367W,0,1
-1308053667768854130,YDR369C,0,0
-1308053667768854130,YDR372C,0,0
-1308053667768854130,YDR394W,1,1
-1308053667768854130,YDR399W,0,0
-1308053667768854130,YDR404C,0,1
-1308053667768854130,YDR423C,0,0
-1308053667768854130,YDR425W,0,0
-1308053667768854130,YDR448W,1,0
-1308053667768854130,YDR449C,1,1
-1308053667768854130,YDR452W,0,0
-1308053667768854130,YDR471W,0,0
-1308053667768854130,YDR473C,1,1
-1308053667768854130,YDR477W,0,0
-1308053667768854130,YDR479C,0,0
-1308053667768854130,YDR485C,0,0
-1308053667768854130,YDR492W,0,0
-1308053667768854130,YDR496C,1,0
-1308053667768854130,YDR499W,0,1
-1308053667768854130,YDR505C,0,0
-1308053667768854130,YDR515W,0,0
-1308053667768854130,YDR524C,0,0
-1308053667768854130,YEL009C,0,0
-1308053667768854130,YEL022W,0,0
-1308053667768854130,YEL037C,0,0
-1308053667768854130,YEL051W,1,0
-1308053667768854130,YER025W,1,1
-1308053667768854130,YER031C,0,0
-1308053667768854130,YER047C,0,0
-1308053667768854130,YER053C,0,0
-1308053667768854130,YER077C,0,0
-1308053667768854130,YER083C,0,0
-1308053667768854130,YER120W,0,0
-1308053667768854130,YER151C,0,0
-1308053667768854130,YER164W,0,0
-1308053667768854130,YER172C,0,1
-1308053667768854130,YER174C,0,0
-1308053667768854130,YER177W,0,0
-1308053667768854130,YFL016C,0,0
-1308053667768854130,YFL018C,0,0
-1308053667768854130,YFL023W,0,0
-1308053667768854130,YFL026W,0,0
-1308053667768854130,YFL027C,0,0
-1308053667768854130,YFL044C,0,0
-1308053667768854130,YFL047W,0,0
-1308053667768854130,YFR014C,0,0
-1308053667768854130,YFR036W,0,0
-1308053667768854130,YGL006W,0,0
-1308053667768854130,YGL021W,0,0
-1308053667768854130,YGL022W,0,1
-1308053667768854130,YGL036W,0,0
-1308053667768854130,YGL049C,0,0
-1308053667768854130,YGL055W,0,1
-1308053667768854130,YGL057C,0,0
-1308053667768854130,YGL060W,0,0
-1308053667768854130,YGL062W,0,0
-1308053667768854130,YGL091C,0,1
-1308053667768854130,YGL092W,0,1
-1308053667768854130,YGL097W,1,1
-1308053667768854130,YGL128C,0,1
-1308053667768854130,YGL129C,0,0
-1308053667768854130,YGL130W,0,1
-1308053667768854130,YGL137W,1,1
-1308053667768854130,YGL163C,0,0
-1308053667768854130,YGL169W,0,1
-1308053667768854130,YGL172W,0,1
-1308053667768854130,YGL181W,0,0
-1308053667768854130,YGL221C,0,0
-1308053667768854130,YGL227W,0,0
-1308053667768854130,YGL233W,0,1
-1308053667768854130,YGL253W,0,0
-1308053667768854130,YGL256W,0,0
-1308053667768854130,YGR021W,0,0
-1308053667768854130,YGR036C,0,0
-1308053667768854130,YGR078C,0,0
-1308053667768854130,YGR100W,0,0
-1308053667768854130,YGR128C,1,1
-1308053667768854130,YGR134W,0,0
-1308053667768854130,YGR156W,1,1
-1308053667768854130,YGR162W,0,0
-1308053667768854130,YGR166W,0,0
-1308053667768854130,YGR189C,0,0
-1308053667768854130,YGR195W,1,1
-1308053667768854130,YGR202C,0,0
-1308053667768854130,YGR209C,0,0
-1308053667768854130,YGR232W,0,0
-1308053667768854130,YGR244C,0,0
-1308053667768854130,YGR247W,0,0
-1308053667768854130,YGR252W,1,0
-1308053667768854130,YGR257C,0,0
-1308053667768854130,YGR274C,1,1
-1308053667768854130,YGR284C,0,0
-1308053667768854130,YGR295C,0,0
-1308053667768854130,YHL003C,0,0
-1308053667768854130,YHL017W,0,0
-1308053667768854130,YHL018W,0,0
-1308053667768854130,YHL019C,0,0
-1308053667768854130,YHL020C,0,0
-1308053667768854130,YHL026C,0,0
-1308053667768854130,YHR005C,1,1
-1308053667768854130,YHR010W,0,0
-1308053667768854130,YHR021C,0,0
-1308053667768854130,YHR023W,1,1
-1308053667768854130,YHR024C,0,1
-1308053667768854130,YHR026W,0,0
-1308053667768854130,YHR039C,0,0
-1308053667768854130,YHR043C,0,0
-1308053667768854130,YHR053C,0,0
-1308053667768854130,YHR057C,0,0
-1308053667768854130,YHR060W,0,0
-1308053667768854130,YHR063C,0,0
-1308053667768854130,YHR068W,0,1
-1308053667768854130,YHR070W,0,1
-1308053667768854130,YHR074W,0,1
-1308053667768854130,YHR083W,0,1
-1308053667768854130,YHR114W,1,0
-1308053667768854130,YHR123W,0,0
-1308053667768854130,YHR127W,0,0
-1308053667768854130,YHR141C,0,0
-1308053667768854130,YHR158C,0,0
-1308053667768854130,YHR169W,1,0
-1308053667768854130,YHR170W,0,1
-1308053667768854130,YHR175W,0,0
-1308053667768854130,YHR178W,0,0
-1308053667768854130,YIL038C,0,0
-1308053667768854130,YIL052C,0,0
-1308053667768854130,YIL062C,1,1
-1308053667768854130,YIL063C,0,1
-1308053667768854130,YIL066C,0,0
-1308053667768854130,YIL076W,1,0
-1308053667768854130,YIL084C,0,0
-1308053667768854130,YIL124W,0,0
-1308053667768854130,YIL129C,0,1
-1308053667768854130,YIL130W,0,0
-1308053667768854130,YIL137C,0,0
-1308053667768854130,YIL138C,0,0
-1308053667768854130,YIL173W,0,0
-1308053667768854130,YIR022W,0,1
-1308053667768854130,YJL001W,1,1
-1308053667768854130,YJL004C,0,0
-1308053667768854130,YJL005W,0,1
-1308053667768854130,YJL026W,0,1
-1308053667768854130,YJL034W,0,1
-1308053667768854130,YJL055W,0,0
-1308053667768854130,YJL056C,0,0
-1308053667768854130,YJL057C,0,0
-1308053667768854130,YJL060W,0,0
-1308053667768854130,YJL065C,0,0
-1308053667768854130,YJL087C,0,1
-1308053667768854130,YJL090C,0,1
-1308053667768854130,YJL137C,0,0
-1308053667768854130,YJL140W,0,0
-1308053667768854130,YJL173C,0,1
-1308053667768854130,YJL183W,0,0
-1308053667768854130,YJL197W,0,0
-1308053667768854130,YJL203W,0,1
-1308053667768854130,YJR003C,0,0
-1308053667768854130,YJR006W,0,1
-1308053667768854130,YJR014W,0,0
-1308053667768854130,YJR033C,0,0
-1308053667768854130,YJR035W,0,0
-1308053667768854130,YJR052W,0,0
-1308053667768854130,YJR053W,0,0
-1308053667768854130,YJR067C,0,1
-1308053667768854130,YJR068W,1,1
-1308053667768854130,YJR075W,0,0
-1308053667768854130,YJR076C,0,1
-1308053667768854130,YJR103W,0,0
-1308053667768854130,YJR113C,0,0
-1308053667768854130,YJR136C,0,0
-1308053667768854130,YJR139C,0,0
-1308053667768854130,YKL001C,0,0
-1308053667768854130,YKL009W,1,0
-1308053667768854130,YKL012W,1,1
-1308053667768854130,YKL022C,0,1
-1308053667768854130,YKL025C,0,0
-1308053667768854130,YKL028W,0,1
-1308053667768854130,YKL041W,0,0
-1308053667768854130,YKL056C,0,0
-1308053667768854130,YKL060C,0,1
-1308053667768854130,YKL067W,1,0
-1308053667768854130,YKL078W,0,1
-1308053667768854130,YKL106W,0,0
-1308053667768854130,YKL114C,0,0
-1308053667768854130,YKL120W,0,0
-1308053667768854130,YKL138C,0,0
-1308053667768854130,YKL156W,0,0
-1308053667768854130,YKL166C,0,0
-1308053667768854130,YKL170W,0,0
-1308053667768854130,YKL176C,0,0
-1308053667768854130,YKL180W,0,1
-1308053667768854130,YKL183W,0,0
-1308053667768854130,YKL190W,0,0
-1308053667768854130,YKL197C,0,0
-1308053667768854130,YKL208W,0,0
-1308053667768854130,YKL210W,1,1
-1308053667768854130,YKL214C,0,0
-1308053667768854130,YKL222C,0,0
-1308053667768854130,YKR044W,0,0
-1308053667768854130,YKR065C,0,0
-1308053667768854130,YKR074W,0,0
-1308053667768854130,YKR077W,0,0
-1308053667768854130,YKR082W,1,0
-1308053667768854130,YKR083C,0,1
-1308053667768854130,YKR089C,0,0
-1308053667768854130,YKR092C,0,0
-1308053667768854130,YKR093W,0,0
-1308053667768854130,YKR100C,0,0
-1308053667768854130,YLL038C,0,0
-1308053667768854130,YLR001C,0,0
-1308053667768854130,YLR011W,0,0
-1308053667768854130,YLR028C,0,0
-1308053667768854130,YLR032W,0,0
-1308053667768854130,YLR034C,0,0
-1308053667768854130,YLR036C,0,0
-1308053667768854130,YLR045C,0,1
-1308053667768854130,YLR064W,0,0
-1308053667768854130,YLR075W,0,1
-1308053667768854130,YLR080W,0,0
-1308053667768854130,YLR115W,1,1
-1308053667768854130,YLR126C,0,0
-1308053667768854130,YLR130C,0,0
-1308053667768854130,YLR132C,0,1
-1308053667768854130,YLR136C,0,0
-1308053667768854130,YLR138W,0,0
-1308053667768854130,YLR145W,0,1
-1308053667768854130,YLR176C,0,0
-1308053667768854130,YLR182W,0,0
-1308053667768854130,YLR194C,0,0
-1308053667768854130,YLR200W,0,0
-1308053667768854130,YLR206W,0,0
-1308053667768854130,YLR215C,0,1
-1308053667768854130,YLR220W,0,0
-1308053667768854130,YLR223C,0,1
-1308053667768854130,YLR237W,0,0
-1308053667768854130,YLR247C,0,0
-1308053667768854130,YLR248W,0,0
-1308053667768854130,YLR254C,0,0
-1308053667768854130,YLR262C,1,0
-1308053667768854130,YLR295C,0,0
-1308053667768854130,YLR300W,0,0
-1308053667768854130,YLR310C,0,1
-1308053667768854130,YLR319C,0,0
-1308053667768854130,YLR321C,0,1
-1308053667768854130,YLR326W,0,0
-1308053667768854130,YLR328W,0,0
-1308053667768854130,YLR343W,0,0
-1308053667768854130,YLR351C,0,0
-1308053667768854130,YLR367W,0,0
-1308053667768854130,YLR376C,0,0
-1308053667768854130,YLR397C,0,1
-1308053667768854130,YLR412W,0,0
-1308053667768854130,YLR424W,0,1
-1308053667768854130,YLR429W,0,0
-1308053667768854130,YLR430W,1,1
-1308053667768854130,YLR432W,0,0
-1308053667768854130,YLR448W,0,0
-1308053667768854130,YLR450W,0,0
-1308053667768854130,YLR452C,0,0
-1308053667768854130,YLR454W,0,0
-1308053667768854130,YML008C,0,0
-1308053667768854130,YML011C,0,0
-1308053667768854130,YML023C,0,1
-1308053667768854130,YML031W,0,1
-1308053667768854130,YML034W,0,0
-1308053667768854130,YML037C,0,0
-1308053667768854130,YML062C,0,0
-1308053667768854130,YML094W,0,0
-1308053667768854130,YML098W,0,1
-1308053667768854130,YML100W,0,0
-1308053667768854130,YML110C,0,0
-1308053667768854130,YML116W,0,0
-1308053667768854130,YML127W,0,1
-1308053667768854130,YML129C,0,0
-1308053667768854130,YMR002W,0,0
-1308053667768854130,YMR010W,0,0
-1308053667768854130,YMR012W,0,0
-1308053667768854130,YMR014W,0,0
-1308053667768854130,YMR019W,0,0
-1308053667768854130,YMR036C,0,0
-1308053667768854130,YMR054W,0,0
-1308053667768854130,YMR059W,0,1
-1308053667768854130,YMR078C,0,0
-1308053667768854130,YMR080C,0,0
-1308053667768854130,YMR086W,0,0
-1308053667768854130,YMR093W,1,1
-1308053667768854130,YMR108W,0,0
-1308053667768854130,YMR123W,0,0
-1308053667768854130,YMR143W,0,0
-1308053667768854130,YMR152W,0,0
-1308053667768854130,YMR163C,1,0
-1308053667768854130,YMR167W,0,0
-1308053667768854130,YMR173W,0,0
-1308053667768854130,YMR177W,0,0
-1308053667768854130,YMR200W,0,1
-1308053667768854130,YMR213W,0,1
-1308053667768854130,YMR227C,0,1
-1308053667768854130,YMR234W,0,0
-1308053667768854130,YMR235C,0,1
-1308053667768854130,YMR246W,0,0
-1308053667768854130,YMR251W,0,0
-1308053667768854130,YMR257C,0,0
-1308053667768854130,YMR263W,1,0
-1308053667768854130,YMR270C,0,1
-1308053667768854130,YMR277W,0,1
-1308053667768854130,YMR284W,0,0
-1308053667768854130,YMR289W,0,0
-1308053667768854130,YMR304W,0,0
-1308053667768854130,YMR311C,0,0
-1308053667768854130,YNL016W,0,0
-1308053667768854130,YNL041C,1,0
-1308053667768854130,YNL049C,0,0
-1308053667768854130,YNL052W,0,0
-1308053667768854130,YNL066W,0,0
-1308053667768854130,YNL073W,0,0
-1308053667768854130,YNL078W,0,0
-1308053667768854130,YNL086W,0,0
-1308053667768854130,YNL110C,1,1
-1308053667768854130,YNL119W,0,0
-1308053667768854130,YNL131W,0,1
-1308053667768854130,YNL132W,1,1
-1308053667768854130,YNL142W,0,0
-1308053667768854130,YNL164C,0,0
-1308053667768854130,YNL186W,0,0
-1308053667768854130,YNL189W,1,1
-1308053667768854130,YNL224C,0,0
-1308053667768854130,YNL225C,0,0
-1308053667768854130,YNL231C,0,0
-1308053667768854130,YNL234W,0,0
-1308053667768854130,YNL236W,1,0
-1308053667768854130,YNL243W,0,0
-1308053667768854130,YNL247W,0,1
-1308053667768854130,YNL286W,0,0
-1308053667768854130,YNL315C,0,0
-1308053667768854130,YNR011C,0,1
-1308053667768854130,YNR012W,0,0
-1308053667768854130,YNR013C,0,0
-1308053667768854130,YNR016C,0,1
-1308053667768854130,YNR023W,0,0
-1308053667768854130,YNR040W,0,0
-1308053667768854130,YNR048W,0,0
-1308053667768854130,YNR051C,0,0
-1308053667768854130,YNR052C,0,0
-1308053667768854130,YNR054C,1,1
-1308053667768854130,YOL001W,0,0
-1308053667768854130,YOL013C,0,0
-1308053667768854130,YOL045W,0,0
-1308053667768854130,YOL051W,1,0
-1308053667768854130,YOL059W,0,0
-1308053667768854130,YOL060C,0,0
-1308053667768854130,YOL066C,0,1
-1308053667768854130,YOL069W,0,1
-1308053667768854130,YOL070C,0,0
-1308053667768854130,YOL151W,0,0
-1308053667768854130,YOL159C,0,0
-1308053667768854130,YOR007C,0,0
-1308053667768854130,YOR008C,0,0
-1308053667768854130,YOR023C,0,0
-1308053667768854130,YOR064C,0,0
-1308053667768854130,YOR078W,1,0
-1308053667768854130,YOR112W,0,0
-1308053667768854130,YOR117W,1,1
-1308053667768854130,YOR120W,0,0
-1308053667768854130,YOR138C,0,0
-1308053667768854130,YOR158W,0,0
-1308053667768854130,YOR173W,0,0
-1308053667768854130,YOR182C,0,0
-1308053667768854130,YOR184W,0,0
-1308053667768854130,YOR239W,0,0
-1308053667768854130,YOR241W,0,0
-1308053667768854130,YOR244W,0,1
-1308053667768854130,YOR261C,1,1
-1308053667768854130,YOR262W,0,1
-1308053667768854130,YOR264W,0,0
-1308053667768854130,YOR267C,0,0
-1308053667768854130,YOR281C,0,1
-1308053667768854130,YOR283W,0,0
-1308053667768854130,YOR290C,1,0
-1308053667768854130,YOR312C,0,0
-1308053667768854130,YOR321W,0,0
-1308053667768854130,YOR341W,1,1
-1308053667768854130,YOR344C,0,0
-1308053667768854130,YOR349W,0,0
-1308053667768854130,YOR358W,0,0
-1308053667768854130,YOR361C,0,1
-1308053667768854130,YOR372C,0,1
-1308053667768854130,YOR385W,0,0
-1308053667768854130,YPL002C,0,0
-1308053667768854130,YPL012W,1,1
-1308053667768854130,YPL013C,0,0
-1308053667768854130,YPL048W,0,0
-1308053667768854130,YPL063W,0,1
-1308053667768854130,YPL065W,0,0
-1308053667768854130,YPL067C,0,0
-1308053667768854130,YPL091W,0,0
-1308053667768854130,YPL115C,0,0
-1308053667768854130,YPL118W,0,0
-1308053667768854130,YPL126W,1,1
-1308053667768854130,YPL145C,0,0
-1308053667768854130,YPL151C,0,1
-1308053667768854130,YPL163C,0,0
-1308053667768854130,YPL181W,0,0
-1308053667768854130,YPL194W,0,0
-1308053667768854130,YPL198W,0,0
-1308053667768854130,YPL203W,0,0
-1308053667768854130,YPL221W,0,0
-1308053667768854130,YPL227C,0,0
-1308053667768854130,YPL260W,0,0
-1308053667768854130,YPL265W,0,0
-1308053667768854130,YPR032W,0,0
-1308053667768854130,YPR045C,0,0
-1308053667768854130,YPR062W,0,0
-1308053667768854130,YPR063C,0,0
-1308053667768854130,YPR067W,0,0
-1308053667768854130,YPR072W,0,0
-1308053667768854130,YPR074C,0,0
-1308053667768854130,YPR079W,0,0
-1308053667768854130,YPR103W,1,1
-1308053667768854130,YPR105C,0,1
-1308053667768854130,YPR119W,0,0
-1308053667768854130,YPR124W,0,0
-1308053667768854130,YPR125W,0,0
-1308053667768854130,YPR135W,1,0
-1308053667768854130,YPR152C,0,0
-1308053667768854130,YPR155C,0,0
-1308053667768854130,YPR174C,0,0
