ORF,mitochondria,cytoplasm,er,nucleus,vacuole,other,CAI,NC,GC,L_aa,Gravy,DovEXPR,BLAST_hits_in_yeast,intxn_partners,chromosome,chr_position,intron,close_stop_ratio,rare_aa_ratio,tm_helix,in_how_many_of_5_proks,in_how_many_of_6_close_yeast,SGD_ess
YAL014C,0,1,0,1,0,0,0.1,54.65,0.451,255,-0.507451,1.1,0,2,1,0.560470541,0,0.02734375,0.0390625,1,0,3,0
YAL033W,0,1,0,1,0,0,0.093,61,0.416,173,-0.242774,1.3,0,8,1,0.359287238,0,0.040229885,0.074712644,0,0,3,1
YAL036C,0,1,0,0,0,0,0.239,43.1,0.437,369,-0.131707,3.9,1,37,1,0.330816714,0,0.035135135,0.051351351,0,0,6,0
YAL047C,0,0,0,0,0,1,0.143,55.92,0.365,622,-0.777814,0.2,0,23,1,0.246999387,0,0.017656501,0.043338684,0,0,3,0
YAL049C,0,1,0,0,0,0,0.172,52.92,0.42,246,-0.081301,2.5,0,4,1,0.228485293,0,0.048582996,0.072874494,0,0,4,0
YAL053W,0,0,0,0,0,1,0.166,53.54,0.42,783,0.229119,1.9,0,5,1,0.199389235,0,0.045918367,0.048469388,9,0,6,0
YBL003C,0,0,0,1,0,0,0.544,31.6,0.414,132,-0.315909,24.5,1,163,2,0.289934439,0,0.022556391,0.030075188,0,0,6,0
YBL005W,0,1,0,1,0,0,0.148,49.38,0.36,976,-0.308299,4.8,89,3,2,0.267402006,0,0.065506653,0.067553736,0,0,4,0
YBL007C,0,1,0,0,0,1,0.189,47.57,0.434,1244,-0.654421,2.9,0,55,2,0.266044305,0,0.02248996,0.059437751,0,0,3,0
YBL010C,0,0,0,0,0,1,0.122,56.41,0.382,280,-0.856071,0.2,0,1,2,0.254463259,0,0.035587189,0.056939502,0,0,4,0
YBL014C,0,1,0,0,0,1,0.12,54.69,0.393,894,-0.484564,0.6,0,4,2,0.248067059,0,0.029050279,0.05698324,0,0,4,1
YBL015W,1,0,0,0,0,0,0.217,47.73,0.46,526,-0.359696,0.9,0,103,2,0.238688588,0,0.032258065,0.079696395,0,0,6,0
YBL025W,0,0,0,0,0,1,0.099,48.44,0.402,145,-0.311724,0.7,0,6,2,0.21084464,0,0.061643836,0.068493151,0,0,4,0
YBL026W,0,1,0,1,0,0,0.169,41.2,0.347,95,-0.293684,2,0,168,2,0.20978947,1,0.041666667,0.052083333,0,0,0,1
YBL038W,1,0,0,0,0,0,0.154,50.94,0.397,232,-0.619397,1.9,0,64,2,0.179738028,0,0.042918455,0.064377682,0,0,4,0
YBL045C,1,0,0,0,0,0,0.293,41.66,0.422,457,-0.23151,3.2,0,189,2,0.16661481,0,0.019650655,0.050218341,0,0,3,0
YBL067C,0,0,0,0,0,0,0.142,46.41,0.373,688,-0.619041,0.5,1,1,2,0.117917109,0,0.053701016,0.065312046,0,0,4,0
YBL072C,0,1,0,0,0,0,0.747,28.36,0.437,200,-0.8295,53.5,1,60,2,0.109603647,0,0.039800995,0.049751244,0,0,6,0
YBL091C,0,1,0,1,0,0,0.211,49.45,0.434,421,-0.70285,3.9,0,2,2,0.059799124,0,0.052132701,0.071090047,1,0,5,0
YBL098W,1,0,0,0,0,0,0.165,51.45,0.386,460,-0.282391,0.4,0,1,2,0.048136911,0,0.052060738,0.084598698,0,0,4,0
YBL103C,0,1,0,1,0,0,0.147,46.88,0.397,486,-0.824486,0.2,0,4,2,0.028943391,0,0.032854209,0.067761807,0,0,4,0
YBR003W,1,0,0,0,0,0,0.14,51.56,0.406,473,-0.2537,0.8,0,2,2,0.29856273,0,0.02742616,0.063291139,0,0,5,0
YBR006W,0,1,0,0,0,0,0.195,45.77,0.408,497,-0.052918,1.5,0,2,2,0.303729129,0,0.0562249,0.062248996,0,0,3,0
YBR034C,0,1,0,1,0,0,0.267,42.92,0.407,348,-0.377874,3.4,0,8,2,0.376243176,0,0.054441261,0.083094556,0,0,6,0
YBR042C,0,0,0,0,0,1,0.133,52.18,0.371,397,-0.007809,2,0,2,2,0.395468671,0,0.055276382,0.065326633,4,0,4,0
YBR043C,0,0,0,0,0,1,0.124,52.14,0.41,689,-0.06328,0.8,0,2,2,0.398341489,0,0.056521739,0.068115942,12,0,3,0
YBR046C,0,1,0,1,0,0,0.156,46.5,0.39,334,-0.153593,0.8,0,1,2,0.407643712,0,0.071641791,0.023880597,0,0,4,0
YBR056W,0,1,0,0,0,0,0.202,48.82,0.384,501,-0.615968,0.8,0,1,2,0.427773111,0,0.049800797,0.099601594,0,0,3,0
YBR061C,0,1,0,0,0,0,0.143,49.29,0.404,310,-0.38871,1.1,0,19,2,0.44971278,0,0.054662379,0.07073955,0,0,4,0
YBR073W,0,0,0,1,0,0,0.135,51.13,0.379,924,-0.423809,2.2,0,2,2,0.471225707,0,0.044324324,0.062702703,0,0,3,0
YBR115C,0,1,0,0,0,0,0.212,46.1,0.4,1392,-0.256753,2.1,0,9,2,0.58278105,0,0.046661881,0.056712132,0,0,4,0
YBR117C,0,1,0,1,0,0,0.168,51.32,0.45,681,-0.351101,0.1,2,4,2,0.585869083,0,0.046920821,0.061583578,0,0,5,0
YBR119W,0,0,0,1,0,0,0.113,54.67,0.38,298,-0.672483,0.4,0,112,2,0.589436738,1,0.026755853,0.040133779,0,0,2,0
YBR125C,0,1,0,0,0,0,0.129,54.28,0.406,393,-0.392621,1.2,0,67,2,0.600556608,0,0.055837563,0.078680203,0,0,5,0
YBR129C,0,1,0,0,0,0,0.141,54.73,0.375,328,-0.710671,0.9,0,10,2,0.609114801,0,0.039513678,0.09118541,0,0,4,0
YBR137W,0,1,0,0,0,0,0.157,50.78,0.393,179,-0.381006,1.8,0,7,2,0.630888446,0,0.061111111,0.072222222,0,0,4,0
YBR155W,0,1,0,0,0,0,0.183,47.63,0.389,385,-0.715325,1,0,12,2,0.676055385,0,0.044041451,0.051813472,0,0,4,1
YBR171W,0,0,1,0,0,0,0.172,50.05,0.361,206,-0.404854,3,0,10,2,0.711220345,0,0.048309179,0.057971014,1,0,4,0
YBR181C,0,1,0,0,0,0,0.846,25.78,0.432,236,-0.771186,33.8,1,55,2,0.728941792,1,0.025316456,0.021097046,0,0,6,0
YBR187W,0,0,0,0,1,0,0.162,52.08,0.424,280,0.544643,4.6,0,20,2,0.74106764,0,0.028469751,0.088967972,5,0,4,0
YBR188C,0,0,0,1,0,0,0.095,50.96,0.402,140,-0.991429,0.6,0,5,2,0.742879139,0,0.028368794,0.028368794,0,0,1,0
YBR197C,0,1,0,1,0,0,0.105,61,0.472,217,-0.985714,0.3,0,2,2,0.757328083,0,0.018348624,0.064220183,0,0,4,0
YBR207W,0,0,0,0,0,1,0.145,53.43,0.408,465,0.095269,3.3,0,9,2,0.781050964,0,0.055793991,0.06223176,7,0,4,0
YBR211C,0,0,0,0,0,1,0.126,58.18,0.367,324,-0.743519,0.8,0,11,2,0.795791371,0,0.027692308,0.036923077,0,0,3,1
YBR212W,0,1,0,0,0,0,0.119,52.16,0.418,672,-0.700744,0.4,40,1,2,0.796718642,0,0.03268945,0.077265973,0,0,3,0
YBR223C,0,1,0,1,0,0,0.108,59.45,0.429,544,-0.431066,0.1,0,4,2,0.824279736,0,0.058715596,0.08440367,0,0,4,0
YBR249C,0,1,0,1,0,0,0.527,33.52,0.438,370,-0.265135,7.1,1,19,2,0.882937604,0,0.032345013,0.061994609,0,0,6,0
YBR251W,1,0,0,0,0,0,0.138,51.51,0.407,307,-0.554072,0.6,0,126,2,0.887114011,0,0.051948052,0.068181818,0,0,4,0
YBR253W,0,0,0,1,0,0,0.097,61,0.424,121,-0.334711,1.1,0,47,2,0.889426039,0,0.016393443,0.06557377,0,0,4,1
YBR260C,0,1,0,0,0,1,0.153,51.9,0.398,666,-0.465616,0.4,0,28,2,0.903407658,0,0.029985007,0.067466267,0,0,4,0
YBR261C,0,1,0,0,0,0,0.126,57.82,0.487,232,-0.334914,1.6,0,1,2,0.904503412,0,0.0472103,0.090128755,0,0,4,0
YBR273C,0,0,1,0,0,0,0.144,53.56,0.43,436,-0.865367,0.9,0,1,2,0.921525102,0,0.025171625,0.066361556,0,0,4,0
YBR274W,0,1,0,0,0,0,0.152,50.98,0.378,527,-0.264896,1,0,16,2,0.921799348,0,0.047348485,0.077651515,0,0,3,0
YBR281C,0,1,0,1,0,0,0.174,47.08,0.373,878,-0.223121,0.4,0,44,2,0.943951772,0,0.043230944,0.062571104,0,0,3,0
YBR282W,1,0,0,0,0,0,0.139,53.52,0.402,146,-0.70411,1.6,0,62,2,0.944731467,0,0.06122449,0.054421769,0,0,4,0
YBR287W,0,0,1,0,0,0,0.188,46.61,0.4,427,0.440047,1.2,0,2,2,0.954976947,0,0.028037383,0.060747664,6,0,5,0
YCL005W,0,0,0,0,0,1,0.095,57.51,0.431,256,0.103125,0.7,0,1,3,0.341173609,0,0.042801556,0.085603113,2,0,4,0
YCL045C,0,0,1,0,0,0,0.165,53.53,0.386,760,-0.225,1.6,0,1,3,0.14814616,0,0.039421813,0.070959264,2,0,3,0
YCL057W,0,1,0,0,0,0,0.19,53.19,0.397,712,-0.481742,1,0,1,3,0.078227994,0,0.050490884,0.068723703,0,0,4,0
YCR002C,0,0,0,0,0,1,0.169,47.07,0.371,322,-0.380435,2.6,0,60,3,0.373784399,0,0.034055728,0.046439628,0,0,3,0
YCR003W,1,0,0,0,0,0,0.187,51.92,0.375,183,-0.920219,1.1,0,31,3,0.374643492,0,0.054347826,0.10326087,0,0,4,0
YCR012W,0,1,0,1,0,0,0.815,26.59,0.462,416,-0.10601,223,0,140,3,0.435051625,0,0.019184652,0.035971223,0,0,6,1
YCR023C,0,0,0,0,0,0,0.133,47.64,0.381,611,0.069722,1.1,0,2,3,0.506511103,0,0.055555556,0.086601307,10,0,4,0
YCR035C,0,0,0,1,0,1,0.147,46.84,0.383,394,-0.233756,2.5,0,55,3,0.609618051,0,0.040506329,0.050632911,0,0,4,1
YCR063W,0,0,0,1,0,0,0.13,52.83,0.482,157,-0.852229,0.2,0,87,3,0.72111063,0,0.101265823,0.113924051,0,0,4,0
YDL008W,0,0,0,0,0,1,0.189,55.61,0.432,165,-0.510909,2.2,0,9,4,0.282972644,0,0.06626506,0.13253012,0,0,3,1
YDL020C,0,1,0,1,0,0,0.141,52.15,0.384,531,-0.911299,1.3,0,35,4,0.272013259,0,0.045112782,0.062030075,0,0,4,0
YDL022W,0,0,0,0,0,1,0.46,35.44,0.439,391,-0.074424,7.5,2,15,4,0.268825775,0,0.051020408,0.086734694,0,0,4,0
YDL058W,0,0,0,0,0,1,0.172,52.01,0.358,1790,-0.808547,0.7,1,74,4,0.225640353,0,0.024008934,0.035734227,0,0,3,1
YDL063C,0,1,0,1,0,0,0.121,52.6,0.356,620,-0.127903,0.9,0,31,4,0.222029872,0,0.033816425,0.056360709,0,0,4,0
YDL081C,0,1,0,0,0,0,0.714,32.53,0.469,106,-0.024528,28.5,4,86,4,0.202438886,0,0.009345794,0.028037383,0,0,6,0
YDL082W,0,1,0,0,0,0,0.652,32.04,0.43,199,-0.734171,24.1,1,79,4,0.201330479,1,0.015,0.03,0,0,2,0
YDL083C,0,1,0,0,0,0,0.764,28.63,0.441,143,-0.344056,37,1,55,4,0.200915969,1,0.041666667,0.027777778,0,0,2,0
YDL088C,0,0,0,0,0,1,0.139,53.22,0.379,528,-0.929167,0.8,0,2,4,0.195833488,0,0.026465028,0.054820416,0,0,4,0
YDL092W,0,0,1,0,0,0,0.145,52.7,0.379,146,-0.829452,2.6,0,7,4,0.191119171,0,0.040816327,0.068027211,0,0,4,1
YDL097C,0,1,0,1,0,0,0.154,54.97,0.413,434,-0.379493,2.8,0,210,4,0.187146402,0,0.066666667,0.062068966,0,0,3,1
YDL099W,0,0,0,0,0,1,0.143,51.56,0.383,341,-1.291789,1.1,0,3,4,0.185007921,0,0,0.032163743,0,0,3,0
YDL101C,0,0,0,1,0,0,0.148,52.38,0.381,513,-0.541715,0.4,0,85,4,0.183982417,0,0.046692607,0.052529183,0,0,4,0
YDL117W,0,1,0,0,0,1,0.136,49.94,0.387,885,-0.536045,1.2,0,13,4,0.162266659,0,0.054176072,0.071106095,0,0,3,0
YDL126C,0,1,0,1,0,0,0.307,42.16,0.418,835,-0.366467,10.2,4,28,4,0.155793121,0,0.026315789,0.049043062,0,1,6,1
YDL129W,0,1,0,1,0,0,0.097,56.28,0.426,291,-0.95189,0.3,0,2,4,0.150805945,0,0.023972603,0.030821918,0,0,4,0
YDL171C,0,0,0,0,0,0,0.287,41.14,0.401,2145,-0.288578,2.9,0,75,4,0.101598051,0,0.047530289,0.0722274,0,1,3,0
YDL175C,0,0,0,1,0,0,0.131,50.42,0.395,344,-1.180814,0.4,2,55,4,0.094990695,0,0.101449275,0.101449275,0,0,4,0
YDL192W,0,0,0,0,0,1,0.524,32.16,0.4,181,-0.221547,28.5,1,94,4,0.075931717,0,0.032967033,0.076923077,0,0,6,0
YDL193W,0,0,1,0,0,0,0.199,46.72,0.387,375,-0.346933,0.7,0,11,4,0.074855297,0,0.055851064,0.061170213,1,0,5,1
YDL201W,0,0,0,1,0,0,0.19,48.74,0.402,286,-0.69056,2,0,1,4,0.064991263,0,0.055749129,0.087108014,0,0,5,0
YDL207W,0,0,0,0,0,1,0.113,54.6,0.394,538,-0.632528,0.7,0,7,4,0.057606456,0,0.020408163,0.06122449,0,0,4,1
YDL216C,0,1,0,0,0,0,0.11,56.11,0.375,455,-0.72967,0.1,0,7,4,0.045932285,0,0.054824561,0.074561404,0,0,4,0
YDL219W,0,1,0,0,0,0,0.198,33.34,0.36,150,-0.18,2.8,0,3,4,0.042588788,1,0.01986755,0.072847682,0,0,4,0
YDL224C,0,1,0,0,0,0,0.122,50.7,0.404,649,-0.568567,0.7,1,3,4,0.036781731,0,0.027692308,0.056923077,0,0,4,0
YDL226C,0,1,0,0,0,0,0.149,53.69,0.438,352,-0.923579,1.9,0,15,4,0.034057714,0,0.033994334,0.065155807,0,0,4,0
YDR005C,0,1,0,1,0,0,0.119,50.73,0.367,395,-0.857468,0.8,1,30,4,0.299034746,1,0.058080808,0.037878788,0,0,4,0
YDR009W,0,1,0,0,0,0,0.137,52.8,0.414,520,-0.244615,1.2,2,27,4,0.302514673,0,0.061420345,0.07293666,0,0,3,0
YDR017C,0,1,0,0,0,0,0.144,51.53,0.383,1050,-0.866286,1.2,0,14,4,0.314807671,0,0.04376784,0.078020932,0,0,4,0
YDR021W,0,0,0,1,0,1,0.166,44.92,0.353,399,-0.250627,0.9,2,14,4,0.317769296,0,0.035,0.0625,0,0,6,1
YDR040C,0,0,0,0,0,1,0.197,50.14,0.414,1091,-0.054904,1.2,2,2,4,0.351492791,0,0.037545788,0.076923077,10,0,3,0
YDR051C,0,1,0,1,0,0,0.161,48.4,0.39,334,-0.742814,1.4,0,2,4,0.364283201,0,0.059701493,0.08358209,0,0,4,0
YDR054C,0,1,0,1,0,0,0.189,53.58,0.414,295,-0.963729,0.6,1,7,4,0.367068578,0,0.040540541,0.060810811,0,0,5,1
YDR060W,0,0,0,0,0,1,0.2,47.98,0.373,1025,-0.807024,2,1,107,4,0.372500292,0,0.032163743,0.03411306,0,0,4,1
YDR071C,0,1,0,0,0,0,0.244,42.56,0.37,191,-0.257068,6.1,0,42,4,0.384742374,0,0.041666667,0.072916667,0,0,3,0
YDR077W,0,0,1,0,0,0,0.52,35.94,0.469,338,-0.309467,28,0,1,4,0.392177444,0,0.04719764,0.026548673,0,0,4,0
YDR092W,0,1,0,0,0,0,0.128,52.56,0.425,153,-0.529412,3.5,0,11,4,0.411161353,1,0.045454545,0.051948052,0,0,3,0
YDR122W,0,1,0,0,0,0,0.127,52.71,0.412,1064,-0.703665,1.2,3,2,4,0.45347663,0,0.033802817,0.076995305,0,0,5,0
YDR135C,0,0,0,0,0,1,0.149,49.88,0.381,1515,0.064158,1.4,0,1,4,0.474920835,0,0.048153034,0.070580475,14,0,5,0
YDR138W,0,0,0,1,0,0,0.157,53.36,0.365,752,-0.722872,0.3,0,48,4,0.476896775,0,0.046480744,0.051792829,0,0,3,0
YDR180W,0,0,0,1,0,0,0.141,52.1,0.347,1493,-0.129873,0.7,0,3,4,0.536113619,0,0.047523427,0.057563588,0,0,3,1
YDR202C,0,0,0,0,0,0,0.141,51.51,0.373,351,-0.204274,0.4,0,5,4,0.560042926,0,0.036931818,0.079545455,0,0,4,0
YDR205W,0,0,1,0,0,0,0.116,51.91,0.383,724,0.337845,0.3,0,1,4,0.560952237,0,0.037241379,0.08137931,13,0,3,0
YDR211W,0,1,0,0,0,0,0.198,45.85,0.371,712,-0.398736,2.2,0,41,4,0.577520238,0,0.056100982,0.074333801,0,0,3,1
YDR214W,0,1,0,0,0,0,0.17,54.45,0.441,350,-0.5,2.3,0,175,4,0.582839022,0,0.031339031,0.051282051,0,0,4,0
YDR216W,0,1,0,0,0,0,0.154,50.98,0.362,1323,-0.497657,0.2,0,149,4,0.584248356,0,0.053625378,0.069486405,0,0,3,0
YDR251W,0,0,0,0,0,1,0.126,50.85,0.376,830,-0.620482,1.3,0,1,4,0.627056476,0,0.032490975,0.044524669,0,0,4,0
YDR252W,0,1,0,0,0,0,0.121,47.71,0.396,149,-0.70604,0.2,1,2,4,0.628882931,0,0.033333333,0.08,0,0,4,0
YDR267C,0,1,0,0,0,0,0.134,50.2,0.42,330,-0.273333,1.2,0,8,4,0.655052551,0,0.051359517,0.102719033,0,0,4,1
YDR296W,1,0,0,0,0,0,0.107,52.62,0.462,226,-0.795133,0.8,0,53,4,0.688807379,0,0.066079295,0.088105727,0,0,4,0
YDR318W,0,0,0,1,0,1,0.132,47.33,0.353,368,-0.441848,0.6,0,42,4,0.72049749,1,0.016260163,0.048780488,0,0,4,0
YDR326C,0,0,0,0,0,0,0.146,49.75,0.365,1438,-0.701321,0.7,2,23,4,0.734313405,0,0.025017373,0.052814454,1,0,3,0
YDR329C,0,0,0,0,0,1,0.098,55.38,0.416,441,-0.349887,0.7,0,2,4,0.736056305,0,0.033936652,0.06561086,1,0,4,0
YDR332W,1,0,0,0,0,0,0.118,52.03,0.364,689,-0.313062,0.2,0,1,4,0.738279646,0,0.047826087,0.072463768,0,0,3,0
YDR345C,0,0,0,0,1,1,0.494,32.86,0.406,567,0.318695,12.9,38,1,4,0.760250638,0,0.075704225,0.095070423,11,0,6,0
YDR346C,0,1,0,1,0,0,0.254,45.14,0.394,481,-0.635343,2.9,1,1,4,0.762861073,0,0.039419087,0.06846473,0,0,4,0
YDR357C,0,0,0,0,0,1,0.136,58.25,0.358,122,-0.670492,1.1,0,2,4,0.776508572,0,0.06504065,0.06504065,0,0,4,0
YDR367W,0,0,0,0,0,1,0.158,52.7,0.36,221,0.317647,1.5,0,2,4,0.791705099,1,0.067567568,0.085585586,4,0,4,1
YDR369C,0,1,0,1,0,0,0.14,49.72,0.367,854,-0.663466,0.1,0,18,4,0.794794015,0,0.025730994,0.056140351,0,0,3,0
YDR372C,0,1,0,1,0,0,0.183,49.73,0.363,345,-0.330725,1.2,0,20,4,0.797776529,0,0.034682081,0.054913295,0,0,5,0
YDR394W,0,0,0,0,0,0,0.209,47.92,0.421,428,-0.291589,1.4,0,273,4,0.823581902,0,0.027972028,0.034965035,0,0,5,1
YDR399W,0,1,0,1,0,0,0.286,48.37,0.412,221,-0.417647,10.4,0,2,4,0.829056699,0,0.045045045,0.063063063,0,0,5,0
YDR404C,0,0,0,1,0,0,0.152,52.36,0.39,171,-0.009357,3.1,0,23,4,0.833692031,0,0.058139535,0.069767442,0,0,4,1
YDR423C,0,1,0,1,0,0,0.111,58.33,0.421,409,-0.661369,0.3,0,1,4,0.861177639,0,0.048780488,0.070731707,0,0,2,0
YDR425W,0,1,0,0,0,1,0.152,50.92,0.364,625,-0.4096,0.2,0,6,4,0.861692676,0,0.033546326,0.068690096,0,0,4,0
YDR448W,0,0,0,1,0,0,0.119,50.86,0.415,434,-0.739862,0.7,0,101,4,0.885193113,0,0.073563218,0.085057471,0,0,5,0
YDR449C,0,0,0,0,0,1,0.181,46.2,0.336,440,-0.627727,2.4,0,136,4,0.887045026,0,0.077097506,0.072562358,0,0,5,1
YDR452W,0,0,0,0,1,0,0.149,52.99,0.385,674,-0.623739,1.8,1,2,4,0.889640447,0,0.047407407,0.071111111,1,0,3,0
YDR471W,0,1,0,0,0,0,0.517,31.73,0.431,136,-0.556618,22.1,1,79,4,0.915028046,1,0.02919708,0.058394161,0,0,3,0
YDR473C,0,0,0,1,0,0,0.13,50.93,0.367,469,-1.175267,0.4,0,92,4,0.917693966,0,0.04893617,0.078723404,0,0,4,1
YDR477W,0,1,0,0,0,0,0.188,49.84,0.395,633,-0.568878,1.3,0,46,4,0.921949385,0,0.042586751,0.096214511,0,3,4,0
YDR479C,0,1,0,0,0,1,0.109,53.33,0.398,554,-0.329964,0.8,0,3,4,0.924887511,0,0.041441441,0.07027027,4,0,3,0
YDR485C,0,0,0,1,0,0,0.137,50.5,0.387,795,-1.123899,0.3,0,2,4,0.931632602,0,0.018844221,0.037688442,0,0,4,0
YDR492W,0,0,1,0,0,0,0.193,53.39,0.405,316,0.397785,3.7,0,2,4,0.936670041,0,0.078864353,0.116719243,6,0,3,0
YDR496C,0,0,0,1,0,1,0.247,43.55,0.36,656,-0.593445,2.9,0,243,4,0.942204893,0,0.03500761,0.053272451,0,0,5,0
YDR499W,0,1,0,1,0,0,0.119,52.18,0.355,747,-0.254886,0.3,0,42,4,0.945094714,0,0.037433155,0.06684492,0,0,4,1
YDR505C,0,1,0,0,0,0,0.148,51.93,0.371,841,-0.791201,0.8,29,2,4,0.952529784,0,0.038004751,0.054631829,0,0,5,0
YDR515W,0,1,0,0,0,0,0.156,48.59,0.346,447,-1.140492,0.2,0,2,4,0.961805018,0,0.049107143,0.040178571,0,0,4,0
YDR524C,0,1,0,0,0,0,0.145,50.64,0.358,482,-0.423859,0.6,0,2,4,0.9719628,0,0.047619048,0.093167702,1,0,4,0
YEL009C,0,1,0,1,0,0,0.233,47.92,0.412,281,-0.601424,21.6,0,15,5,0.242278576,0,0.014184397,0.035460993,0,0,5,0
YEL022W,0,1,0,0,0,1,0.154,51.74,0.355,1459,-0.232351,1,2,22,5,0.193147838,0,0.034931507,0.048630137,0,0,5,0
YEL037C,0,1,0,1,0,0,0.164,52.27,0.475,398,-0.452513,1.8,0,54,5,0.143191955,0,0.025062657,0.040100251,0,0,4,0
YEL051W,0,0,0,0,0,1,0.322,39.15,0.389,256,-0.617969,2.7,0,127,5,0.101198019,0,0.031128405,0.027237354,0,0,6,0
YER025W,0,1,0,0,0,0,0.333,40.58,0.405,527,-0.226945,5.8,0,160,5,0.355800017,0,0.03219697,0.056818182,0,0,6,1
YER031C,0,1,0,1,0,0,0.156,50.08,0.42,223,-0.534081,3.7,1,44,5,0.372261293,0,0.053571429,0.049107143,0,0,4,0
YER047C,0,1,0,0,0,0,0.131,49.85,0.4,897,-0.73835,0.1,7,9,5,0.427310187,0,0.028953229,0.050111359,0,0,3,0
YER053C,1,0,0,0,0,0,0.158,50.86,0.396,300,0.030333,1.1,0,2,5,0.450081388,0,0.086378738,0.096345515,1,0,5,0
YER077C,1,0,0,0,0,0,0.119,55.22,0.375,688,-0.381395,0.3,0,58,5,0.548817843,0,0.047895501,0.062409289,0,0,3,0
YER083C,0,0,1,0,0,0,0.118,57.9,0.462,285,-0.055439,2.2,0,8,5,0.566899937,0,0.031468531,0.048951049,3,0,3,0
YER120W,0,0,1,0,0,0,0.194,50.08,0.458,244,-0.295082,3.1,0,58,5,0.695358912,0,0.032653061,0.032653061,1,0,3,0
YER151C,0,1,0,0,0,0,0.179,49.67,0.399,912,-0.794518,1,0,2,5,0.818936362,0,0.046002191,0.065717415,0,0,4,0
YER164W,0,0,0,1,0,0,0.17,51.45,0.396,1468,-0.844959,0.9,2,25,5,0.876086252,0,0.034717495,0.060585432,0,0,5,0
YER172C,0,1,0,1,0,0,0.132,50.11,0.372,2163,-0.323717,0.4,0,18,5,0.929181495,0,0.044824399,0.062384473,0,0,3,1
YER174C,0,1,0,1,0,0,0.144,47.73,0.398,244,-0.354508,2,1,29,5,0.934636807,0,0.024489796,0.044897959,0,0,4,0
YER177W,0,1,0,0,0,0,0.323,41.69,0.459,267,-0.657678,38,25,48,5,0.94580572,0,0.052238806,0.059701493,0,1,6,0
YFL016C,1,0,0,0,0,0,0.161,54.35,0.47,511,-0.561448,1.5,0,24,6,0.393228897,0,0.044921875,0.07421875,0,0,3,0
YFL018C,1,0,0,0,0,0,0.253,46.02,0.423,499,-0.181162,2.5,0,43,6,0.38172039,0,0.03,0.058,0,0,5,0
YFL023W,0,1,0,0,0,0,0.135,55.37,0.403,796,-1.050754,0.9,0,4,6,0.336793165,0,0.025094103,0.035131744,0,0,4,0
YFL026W,0,0,0,0,1,0,0.136,44.59,0.378,431,0.130162,6,0,2,6,0.305676888,0,0.048611111,0.046296296,7,0,3,0
YFL027C,1,0,0,0,0,0,0.121,54.82,0.376,497,-0.212475,0.9,0,2,6,0.30320417,0,0.054216867,0.076305221,0,0,4,0
YFL044C,0,1,0,1,0,0,0.18,53.31,0.436,301,-0.332558,0.6,0,1,6,0.168648296,0,0.033112583,0.062913907,0,0,3,0
YFL047W,0,1,0,0,0,1,0.138,52.93,0.387,714,-0.435574,0.6,0,2,6,0.149625391,0,0.054545455,0.06993007,0,0,3,0
YFR014C,0,1,0,0,0,0,0.163,49.5,0.41,446,-0.570852,0.4,2,3,6,0.643606468,0,0.040268456,0.046979866,0,0,3,0
YFR036W,0,0,0,1,0,0,0.134,47.97,0.487,124,-1.233065,0.7,1,11,6,0.840095059,0,0.024,0.064,0,0,3,0
YGL006W,0,0,0,0,0,1,0.159,50.04,0.385,1173,-0.154902,0.6,0,2,7,0.445418021,0,0.035775128,0.058773424,0,0,4,0
YGL021W,0,0,0,0,0,0,0.142,49.12,0.367,760,-0.591447,0.7,0,1,7,0.416878335,0,0.027595269,0.067017083,0,0,4,0
YGL022W,0,0,1,0,0,0,0.214,47.66,0.453,718,0.323677,1.8,0,14,7,0.414695807,0,0.058414465,0.083449235,13,0,4,1
YGL036W,0,1,0,0,0,0,0.148,52.29,0.36,909,-0.337404,0.9,1,109,7,0.392876949,0,0.038461538,0.056043956,0,0,4,0
YGL049C,0,1,0,0,0,0,0.177,48.17,0.392,914,-1.081619,0.7,3,198,7,0.375461644,0,0.03715847,0.057923497,0,0,3,0
YGL055W,0,0,1,0,0,0,0.543,33.6,0.412,510,-0.292549,11.2,0,1,7,0.365400569,0,0.054794521,0.105675147,4,0,5,1
YGL057C,1,0,0,0,0,0,0.114,56.63,0.376,287,-0.254704,0.2,0,2,7,0.362837634,0,0.017361111,0.048611111,0,0,2,0
YGL060W,0,1,0,0,0,0,0.148,54.72,0.372,641,-0.118097,0.6,0,5,7,0.357553186,0,0.060747664,0.074766355,0,0,4,0
YGL062W,0,1,0,0,0,0,0.261,43.15,0.434,1178,-0.204669,1,2,80,7,0.353088217,0,0.036471586,0.063613232,0,1,6,0
YGL091C,0,1,0,1,0,0,0.124,58.26,0.428,328,-0.125914,1.2,0,3,7,0.314448039,0,0.051671733,0.094224924,0,0,5,1
YGL092W,0,0,0,0,0,1,0.134,49.52,0.381,1317,-0.462642,0.9,0,31,7,0.309740159,0,0.037177542,0.042488619,0,0,3,1
YGL097W,0,0,0,1,0,0,0.204,48.02,0.443,482,-0.435685,2.4,0,12,7,0.294960204,0,0.041407867,0.089026915,0,0,4,1
YGL128C,0,1,0,1,0,0,0.136,54.22,0.416,283,-0.585159,0.3,0,97,7,0.247629331,0,0.056338028,0.073943662,0,0,2,1
YGL129C,1,0,0,0,0,0,0.147,51.57,0.365,488,-0.326434,0.9,0,40,7,0.246753021,0,0.051124744,0.049079755,0,0,4,0
YGL130W,0,1,0,1,0,0,0.137,51.43,0.401,459,-0.556209,1,0,45,7,0.243962759,0,0.05,0.07826087,0,0,3,1
YGL137W,0,0,0,0,0,1,0.208,46.18,0.405,889,-0.382227,2.6,0,284,7,0.229043474,1,0.043820225,0.053932584,0,0,6,1
YGL163C,0,1,0,1,0,0,0.155,51.55,0.406,898,-0.576169,0.2,1,8,7,0.180035144,0,0.045606229,0.071190211,0,0,5,0
YGL169W,0,1,0,0,0,0,0.113,48.66,0.399,426,-0.14061,0.5,0,2,7,0.170553387,0,0.030444965,0.049180328,0,0,4,1
YGL172W,0,0,0,0,0,1,0.099,50.35,0.431,472,-0.40678,2,0,25,7,0.165641096,0,0.014799154,0.029598309,0,0,4,1
YGL181W,0,1,0,0,0,1,0.111,50.1,0.444,396,-0.862626,1.1,14,42,7,0.14474713,0,0.047858942,0.062972292,0,0,3,0
YGL221C,1,1,0,0,0,0,0.182,51.02,0.45,288,-0.184028,3.9,0,3,7,0.07543057,0,0.055363322,0.083044983,0,0,4,0
YGL227W,0,1,0,1,0,0,0.17,49.84,0.373,958,-0.703549,0.1,91,11,7,0.063862533,0,0.046923879,0.046923879,0,0,3,0
YGL233W,0,1,0,0,0,1,0.154,48.13,0.341,910,-0.237143,0.9,0,10,7,0.054192864,0,0.03622393,0.052689352,0,0,3,1
YGL253W,0,1,0,0,0,0,0.643,30.64,0.418,486,-0.328395,19.3,7,2,7,0.021939855,0,0.041067762,0.05338809,0,0,6,0
YGL256W,1,0,0,0,0,0,0.421,37.95,0.404,465,-0.080215,3.7,0,78,7,0.01366715,0,0.057939914,0.070815451,0,1,5,0
YGR021W,1,0,0,0,0,0,0.102,58.67,0.469,290,-0.423793,0.3,0,1,7,0.483652127,0,0.027491409,0.051546392,0,0,3,0
YGR036C,0,0,1,0,0,0,0.11,55.98,0.381,239,0.259833,1.6,0,1,7,0.512284394,0,0.079166667,0.079166667,3,0,4,0
YGR078C,0,1,0,0,0,0,0.123,54.54,0.457,199,-0.646231,1,0,11,7,0.586993566,0,0.04,0.055,0,0,4,0
YGR100W,0,1,0,0,0,0,0.146,50.5,0.382,950,-0.346632,0.3,0,2,7,0.63271023,0,0.048370137,0.062039958,0,0,4,0
YGR128C,0,0,0,0,0,1,0.167,47.34,0.349,713,-0.228612,1.1,0,95,7,0.687568576,0,0.044817927,0.042016807,0,0,3,1
YGR134W,0,1,0,0,0,0,0.114,53.24,0.377,1122,-0.303921,0.2,0,26,7,0.69460748,0,0.048085485,0.0730187,1,0,3,0
YGR156W,0,0,0,1,0,0,0.122,49.73,0.405,425,-0.438588,0.3,0,97,7,0.73381781,0,0.014084507,0.044600939,0,0,4,1
YGR162W,0,1,0,0,0,0,0.254,42.96,0.414,952,-1.126681,3.4,3,283,7,0.755370842,0,0.028331584,0.044071354,0,0,5,0
YGR166W,0,0,0,0,0,1,0.116,53.42,0.365,560,-0.394643,0.4,0,14,7,0.76128869,0,0.048128342,0.053475936,0,0,3,0
YGR189C,0,1,0,0,0,0,0.233,41.84,0.435,507,-0.30355,5.6,0,2,7,0.804991489,0,0.039370079,0.039370079,0,0,4,0
YGR195W,0,0,0,1,0,1,0.139,51.61,0.415,246,-0.283333,2.2,0,31,7,0.814790405,0,0.020242915,0.064777328,0,0,4,1
YGR202C,0,0,0,0,0,1,0.157,57.6,0.422,424,-1.151415,0.4,0,56,7,0.829333866,0,0.035294118,0.042352941,0,0,5,0
YGR209C,0,1,0,1,0,0,0.425,42.65,0.433,104,0.143269,19.2,2,3,7,0.837106084,0,0.057142857,0.066666667,0,0,5,0
YGR232W,0,1,0,1,0,0,0.167,39.91,0.392,228,-0.22807,2.1,0,76,7,0.874441879,0,0.03930131,0.091703057,0,0,4,0
YGR244C,1,0,0,0,0,0,0.189,48.42,0.422,427,-0.325059,1.7,0,2,7,0.897689784,0,0.037383178,0.058411215,0,0,4,0
YGR247W,0,0,0,0,0,1,0.109,56.12,0.446,239,-0.142678,0.4,0,2,7,0.902866068,0,0.05,0.1,0,0,4,0
YGR252W,0,0,0,1,0,0,0.121,54.98,0.381,439,-0.65262,0.9,0,96,7,0.913776873,0,0.056818182,0.068181818,0,0,6,0
YGR257C,1,0,0,0,0,0,0.102,55.46,0.426,366,-0.031148,1.3,0,1,7,0.923343878,0,0.046321526,0.103542234,0,0,3,0
YGR274C,0,0,0,1,0,0,0.166,48.39,0.371,1066,-0.773358,0.5,0,86,7,0.956150538,0,0.030927835,0.063730084,0,0,4,1
YGR284C,0,0,1,0,0,0,0.235,41,0.369,310,0.331613,3.2,0,1,7,0.973103855,0,0.067524116,0.054662379,7,0,4,0
YGR295C,0,0,0,0,1,0,0.133,61,0.388,381,-0.137008,4.5,22,1,7,0.992480776,0,0.04973822,0.096858639,4,0,3,0
YHL003C,0,0,1,0,0,0,0.158,49.7,0.366,411,0.123114,2.9,3,2,8,0.1810717,0,0.07038835,0.09223301,7,0,5,0
YHL017W,0,0,0,0,0,1,0.148,53.67,0.392,532,0.121617,1.2,0,1,8,0.124897137,0,0.084427767,0.080675422,7,0,3,0
YHL018W,1,0,0,0,0,0,0.118,61,0.475,120,-0.528333,1,0,6,8,0.123887608,0,0.033057851,0.148760331,0,0,3,0
YHL019C,0,0,0,0,0,1,0.12,57.05,0.41,605,-0.546281,0.3,0,7,8,0.123603234,0,0.047854785,0.064356436,0,0,4,0
YHL020C,0,0,0,0,0,1,0.089,57.04,0.483,404,-0.979703,1.2,66,11,8,0.119885042,0,0.02962963,0.051851852,0,0,4,0
YHL026C,0,0,0,0,0,0,0.164,60.04,0.428,268,-0.034328,0.7,0,2,8,0.096017162,0,0.05204461,0.085501859,2,0,4,0
YHR005C,0,0,0,0,0,1,0.154,55.2,0.383,472,-0.51822,5,0,25,8,0.204235753,0,0.044397463,0.054968288,0,0,4,1
YHR010W,0,1,0,0,0,1,0.736,29.69,0.431,136,-0.522794,46.6,1,79,8,0.224858213,1,0.02919708,0.058394161,0,0,3,0
YHR021C,0,1,0,0,0,0,0.66,29.93,0.419,82,-0.085366,80,1,55,8,0.26422093,1,0.072289157,0.108433735,0,0,2,0
YHR023W,0,0,0,0,0,1,0.157,51.72,0.351,1928,-0.782469,0.5,0,72,8,0.269547614,0,0.036806636,0.043545879,0,0,3,1
YHR024C,1,0,0,0,0,0,0.141,52.35,0.427,482,-0.297925,1.1,0,6,8,0.282923864,0,0.053830228,0.070393375,0,0,4,1
YHR026W,0,0,1,0,1,0,0.251,41.99,0.418,213,0.91878,25.1,0,16,8,0.285860027,0,0.056074766,0.065420561,5,0,5,0
YHR039C,0,0,1,0,0,0,0.212,45.77,0.4,644,-0.112888,11.1,0,2,8,0.332008624,0,0.055813953,0.080620155,0,0,3,0
YHR043C,0,1,0,1,0,0,0.149,49.63,0.405,246,-0.232927,0.8,2,11,8,0.343980776,0,0.036437247,0.056680162,0,0,4,0
YHR053C,0,1,0,0,0,0,0.226,39.16,0.437,61,-1.052459,52.2,1,1,8,0.37807724,0,0.193548387,0.225806452,0,0,4,0
YHR057C,0,0,0,0,0,0,0.135,52.51,0.46,205,-0.257073,2.2,0,3,8,0.388959884,0,0.033980583,0.077669903,0,0,4,0
YHR060W,0,0,1,0,0,0,0.159,60.06,0.383,181,-0.944199,1.4,0,21,8,0.392304835,0,0.06043956,0.043956044,0,0,4,0
YHR063C,0,1,0,0,0,0,0.203,44.3,0.376,379,-0.197889,1.7,0,1,8,0.400203328,0,0.057894737,0.078947368,1,0,4,0
YHR068W,0,1,0,0,0,0,0.419,36.74,0.405,387,-0.237726,7.9,0,2,8,0.412580713,0,0.048969072,0.090206186,0,0,4,1
YHR070W,0,1,0,1,0,0,0.142,56.19,0.476,499,-0.276954,2.4,0,1,8,0.41746484,0,0.038,0.078,0,0,3,1
YHR074W,0,1,0,1,0,0,0.172,48.93,0.408,714,-0.198599,0.9,0,8,8,0.437570094,0,0.061538462,0.092307692,0,0,5,1
YHR083W,1,0,0,0,0,0,0.131,56.38,0.437,329,-0.131003,1.1,0,4,8,0.484552262,0,0.060606061,0.078787879,0,0,2,1
YHR114W,0,0,0,0,0,1,0.157,50.89,0.391,633,-0.817851,0.5,0,137,8,0.600891513,0,0.039432177,0.050473186,0,0,4,0
YHR123W,0,0,0,0,0,1,0.122,52.58,0.386,391,0.424041,0.8,0,2,8,0.630629942,1,0.071428571,0.089285714,7,0,4,0
YHR127W,0,0,0,1,0,0,0.12,51.54,0.418,243,-0.71358,0.9,0,1,8,0.641468153,0,0.008196721,0.049180328,0,0,4,0
YHR141C,0,1,0,0,0,0,0.795,26.37,0.425,106,-1.05283,22.3,1,79,8,0.680279895,1,0.074766355,0.093457944,0,0,3,0
YHR158C,0,0,0,0,0,1,0.142,51.18,0.393,1164,-0.739691,0.6,1,96,8,0.741470108,0,0.029184549,0.056652361,0,0,4,0
YHR169W,0,0,0,1,0,1,0.139,53.96,0.431,431,-0.240371,1,1,113,8,0.785903572,0,0.025462963,0.064814815,0,0,4,0
YHR170W,0,1,0,0,0,0,0.244,45.84,0.396,518,-0.363706,4.6,0,163,8,0.788830849,0,0.055876686,0.08477842,0,0,6,1
YHR175W,0,0,1,0,0,0,0.127,48.3,0.411,189,-0.013757,1,0,1,8,0.804903322,0,0.089473684,0.173684211,1,0,4,0
YHR178W,0,1,0,1,0,0,0.13,55.56,0.416,743,-0.379677,0.3,0,12,8,0.816326277,0,0.055107527,0.086021505,0,0,5,0
YIL038C,0,1,0,0,0,0,0.144,47.87,0.392,836,-0.819737,2,0,34,9,0.642556577,0,0.032258065,0.04181601,0,0,6,0
YIL052C,0,1,0,0,0,0,0.781,27.57,0.43,121,-0.798347,34.4,1,81,9,0.584382282,1,0.057377049,0.057377049,0,0,4,0
YIL062C,0,0,0,0,0,1,0.127,49.47,0.45,154,-0.320779,5.3,0,30,9,0.555733885,0,0.038709677,0.038709677,0,0,4,1
YIL063C,0,0,0,1,0,0,0.17,53.86,0.402,327,-1.047706,1.9,0,9,9,0.55410164,0,0.015243902,0.018292683,0,0,4,1
YIL066C,0,1,0,0,0,0,0.29,41.17,0.417,869,-0.344649,1,4,18,9,0.547199836,0,0.057471264,0.08045977,0,0,5,0
YIL076W,0,0,0,0,0,1,0.197,49.07,0.367,359,-0.302507,4.5,0,69,9,0.492096798,0,0.061111111,0.047222222,1,0,3,0
YIL084C,0,0,0,1,0,0,0.175,53.07,0.4,327,-1.256575,0.2,0,32,9,0.462066222,0,0.042682927,0.036585366,0,0,4,0
YIL124W,0,0,1,0,0,0,0.184,53.14,0.407,297,-0.16128,1.6,0,51,9,0.286902259,0,0.05033557,0.053691275,0,0,4,0
YIL129C,0,0,0,0,0,0,0.128,50.49,0.374,2376,-0.161237,1.8,0,30,9,0.257424099,0,0.039124947,0.068994531,0,0,4,1
YIL130W,0,0,0,1,0,0,0.146,51.56,0.367,964,-0.624689,0.9,248,2,9,0.233656524,0,0.052849741,0.046632124,0,1,5,0
YIL137C,0,1,0,0,0,0,0.173,52.94,0.397,946,-0.27167,0.4,0,8,9,0.210936949,0,0.036958817,0.079197466,0,0,4,0
YIL138C,0,1,0,0,0,0,0.246,45.01,0.369,161,-1.5,1,0,2,9,0.203951033,0,0.024691358,0.037037037,0,0,4,0
YIL173W,0,0,0,0,0,1,0.159,49.33,0.385,1549,-0.4153,0.2,15,1,9,0.02612501,0,0.061935484,0.063870968,1,0,3,0
YIR022W,0,0,1,0,0,0,0.165,56.43,0.431,167,0.090419,3,0,2,9,0.906441456,0,0.047619048,0.06547619,0,0,3,1
YJL001W,0,0,0,1,0,0,0.172,50.7,0.412,215,-0.176744,4.1,0,76,10,0.583649476,1,0.074074074,0.064814815,0,0,5,1
YJL004C,0,0,0,0,0,1,0.095,48.7,0.369,203,0.337931,1.5,0,3,10,0.579674664,0,0.044117647,0.068627451,4,0,4,0
YJL005W,0,0,0,0,0,0,0.125,52.49,0.388,2026,-0.524136,0.3,0,209,10,0.570226603,0,0.037000493,0.068080908,0,0,3,1
YJL026W,0,1,0,1,0,0,0.501,32.49,0.428,399,-0.40802,3.6,1,171,10,0.526290372,0,0.0325,0.0725,0,0,6,1
YJL034W,0,0,0,0,0,0,0.44,36.23,0.407,682,-0.318328,13.4,32,6,10,0.511430771,0,0.027818448,0.027818448,1,1,5,1
YJL055W,0,1,0,1,0,0,0.143,54.76,0.435,245,-0.339184,4.6,0,1,10,0.447079861,0,0.044715447,0.097560976,0,0,4,0
YJL056C,0,1,0,1,0,0,0.161,51.88,0.397,880,-0.927045,1,0,1,10,0.44669888,0,0.068104427,0.136208854,0,0,2,0
YJL057C,0,0,0,0,0,0,0.136,50.84,0.382,667,-0.363568,0.6,0,3,10,0.442738824,0,0.049401198,0.065868263,0,0,3,0
YJL060W,1,1,0,0,0,0,0.213,47.29,0.393,444,-0.191441,0.3,0,2,10,0.43370394,0,0.056179775,0.049438202,0,0,4,0
YJL065C,0,0,0,1,0,0,0.11,61,0.467,167,-0.637725,0.9,3,2,10,0.423201475,0,0.035714286,0.047619048,0,0,4,0
YJL087C,0,1,0,0,0,0,0.159,49.95,0.36,827,-0.516445,0.6,0,38,10,0.365421145,0,0.062801932,0.073671498,0,0,4,1
YJL090C,0,1,0,1,0,0,0.138,50.88,0.352,764,-0.447775,0.3,0,9,10,0.355448565,0,0.044444444,0.062745098,0,0,4,1
YJL137C,0,1,0,0,0,0,0.14,55.51,0.39,380,-0.384474,0.3,0,4,10,0.20933162,0,0.052493438,0.076115486,0,0,4,0
YJL140W,0,0,0,1,0,0,0.137,60.68,0.397,221,-0.9,1.4,0,24,10,0.202401522,0,0.013513514,0.045045045,0,0,4,0
YJL173C,0,0,0,1,0,0,0.135,61,0.399,122,-0.209016,3.6,0,48,10,0.129489271,0,0.048780488,0.056910569,0,0,4,1
YJL183W,0,0,0,0,0,1,0.176,48.79,0.396,422,-0.207346,1.6,0,2,10,0.112773059,0,0.063829787,0.063829787,1,0,4,0
YJL197W,0,1,0,1,0,0,0.142,52.65,0.379,1254,-0.577033,0.6,0,25,10,0.085591943,0,0.057370518,0.061354582,0,0,3,0
YJL203W,0,0,0,1,0,0,0.14,52.04,0.385,280,-1.006786,0.3,0,106,10,0.071556012,0,0.039145907,0.053380783,0,0,2,1
YJR003C,1,0,0,0,0,0,0.133,54.37,0.347,539,-0.301299,0.8,0,1,10,0.593642178,0,0.053703704,0.064814815,0,0,4,0
YJR006W,0,0,0,1,0,0,0.157,53.01,0.393,487,-0.335524,0.4,0,18,10,0.602481206,0,0.06352459,0.06352459,0,0,4,1
YJR014W,0,1,0,0,0,0,0.217,55.32,0.423,198,-0.612121,1.2,0,4,10,0.619420104,0,0.055276382,0.055276382,0,0,4,0
YJR033C,0,0,0,0,0,0,0.144,51.38,0.383,1357,-0.29941,0.4,0,12,10,0.665864907,0,0.050810015,0.078055965,0,0,4,0
YJR035W,0,1,0,1,0,0,0.127,52.91,0.388,1085,-0.736037,0.3,0,23,10,0.667077607,0,0.034069982,0.05801105,0,0,4,0
YJR052W,0,1,0,1,0,0,0.136,53.08,0.387,565,-0.391858,0.4,0,14,10,0.713636437,0,0.038869258,0.051236749,0,0,4,0
YJR053W,0,0,0,0,0,1,0.151,48.42,0.376,574,-0.989896,0.1,0,21,10,0.71627245,0,0.022608696,0.059130435,0,0,3,0
YJR067C,0,1,0,1,0,0,0.138,60.81,0.397,141,-0.665248,1,0,2,10,0.761100767,0,0.035211268,0.063380282,0,0,4,1
YJR068W,0,0,0,1,0,0,0.176,50.26,0.389,353,-0.336261,1.7,0,54,10,0.761367722,0,0.04519774,0.056497175,0,0,6,1
YJR075W,0,0,0,0,0,1,0.179,52.71,0.406,396,-0.388384,1.6,0,4,10,0.769870037,0,0.027707809,0.075566751,1,0,4,0
YJR076C,0,0,0,0,0,1,0.174,50.31,0.398,415,-0.581446,1.1,0,46,10,0.773384721,0,0.036057692,0.048076923,0,0,5,1
YJR103W,0,1,0,0,0,0,0.157,55.65,0.458,564,-0.230496,0.8,2,4,10,0.832615193,0,0.044247788,0.086725664,0,0,5,0
YJR113C,1,0,0,0,0,0,0.097,55.38,0.522,247,-0.432794,1.2,1,49,10,0.857059685,0,0.032258065,0.076612903,0,0,4,0
YJR136C,0,1,0,0,0,0,0.102,59.68,0.379,421,0.013777,0.7,0,2,10,0.910358122,0,0.059241706,0.073459716,0,0,4,0
YJR139C,0,1,0,1,0,0,0.467,36.58,0.402,359,0.050418,6.3,0,5,10,0.926211761,0,0.027777778,0.019444444,1,0,6,0
YKL001C,0,1,0,0,0,0,0.267,40.59,0.398,202,-0.432178,1.3,0,2,11,0.658761038,0,0.054187192,0.054187192,0,0,4,0
YKL009W,0,0,0,1,0,1,0.279,41.99,0.386,236,-0.561441,11.2,0,135,11,0.639039981,0,0.054852321,0.046413502,0,0,6,0
YKL012W,0,0,0,1,0,0,0.13,56.31,0.385,583,-0.931218,1.2,0,131,11,0.627138023,0,0.042808219,0.058219178,0,0,3,1
YKL022C,0,0,0,1,0,0,0.124,52.51,0.387,840,-0.483333,0.5,0,44,11,0.595534515,0,0.061831153,0.072532699,0,0,4,1
YKL025C,0,1,0,0,0,0,0.151,51.85,0.367,679,-0.33623,0.5,0,4,11,0.588078536,0,0.052941176,0.061764706,0,0,4,0
YKL028W,0,0,0,1,0,0,0.201,44.88,0.398,482,-0.947718,2.7,87,41,11,0.578293783,0,0.035196687,0.047619048,1,0,5,1
YKL041W,0,0,0,0,0,1,0.134,54.84,0.393,224,-0.882589,0.8,0,2,11,0.539860003,0,0.026666667,0.062222222,0,0,4,0
YKL056C,0,1,0,0,0,0,0.731,28.48,0.433,167,-0.325748,43,0,146,11,0.502006917,0,0.047619048,0.071428571,0,0,6,0
YKL060C,0,1,0,0,0,0,0.869,25.93,0.453,359,-0.357382,249,0,79,11,0.490861211,0,0.055555556,0.077777778,0,1,5,1
YKL067W,0,1,0,1,0,0,0.229,47.15,0.397,153,-0.36732,3.9,0,90,11,0.471842388,0,0.025974026,0.071428571,0,0,4,0
YKL078W,0,0,0,0,0,1,0.137,50.31,0.395,735,-0.256599,0.8,1,3,11,0.432878932,0,0.050271739,0.061141304,0,0,5,1
YKL106W,1,0,0,0,0,0,0.14,52.13,0.387,451,-0.351441,0.9,0,1,11,0.355891334,0,0.066371681,0.079646018,0,0,4,0
YKL114C,1,0,0,1,0,0,0.143,53.56,0.386,367,-0.640599,1.2,0,1,11,0.336263308,0,0.054347826,0.067934783,0,0,5,0
YKL120W,1,0,0,0,0,0,0.187,41.59,0.392,324,0.137037,1.7,0,24,11,0.32559326,0,0.043076923,0.058461538,1,0,4,0
YKL138C,1,0,0,0,0,0,0.233,45.2,0.379,131,-0.882443,1.1,0,31,11,0.278621642,0,0.037878788,0.090909091,0,0,4,0
YKL156W,0,1,0,0,0,0,0.361,28.7,0.431,82,-0.081707,27.7,1,55,11,0.238007638,1,0.072289157,0.108433735,0,0,2,0
YKL166C,0,1,0,1,0,0,0.158,53.56,0.397,398,-0.504271,1,3,44,11,0.203632708,0,0.062656642,0.077694236,0,0,5,0
YKL170W,1,0,0,0,0,0,0.132,52.44,0.408,138,-0.105797,1.7,0,105,11,0.196023678,0,0.057553957,0.086330935,0,0,4,0
YKL176C,0,0,0,0,0,0,0.117,53.38,0.394,828,-0.440217,1.1,0,32,11,0.177045368,0,0.047044632,0.059107358,0,0,4,0
YKL180W,0,1,0,0,0,0,0.809,28.11,0.438,184,-0.70163,37.1,1,80,11,0.163965519,1,0.032432432,0.037837838,0,0,5,1
YKL183W,0,1,0,1,0,0,0.119,55.73,0.483,306,-0.514706,0.6,0,2,11,0.148138256,0,0.06514658,0.068403909,0,0,4,0
YKL190W,0,1,0,0,0,0,0.152,44.61,0.411,175,-0.389715,5.3,0,6,11,0.124469386,1,0.011363636,0.028409091,0,0,5,0
YKL197C,0,0,0,0,0,1,0.128,51.77,0.394,1043,-0.309396,0.3,0,1,11,0.110841855,0,0.040229885,0.061302682,0,0,3,0
YKL208W,1,0,0,0,0,0,0.112,61,0.424,271,-0.478967,0.3,0,1,11,0.070760528,0,0.055147059,0.069852941,0,0,2,0
YKL210W,0,1,0,1,0,0,0.212,47.69,0.406,1024,-0.320215,3,0,150,11,0.05876554,0,0.034146341,0.044878049,0,0,4,1
YKL214C,0,1,0,1,0,0,0.147,54.34,0.415,203,-1.271921,0.8,0,69,11,0.047556813,0,0.044117647,0.06372549,0,0,4,0
YKL222C,0,0,0,0,0,0,0.132,51.99,0.359,705,-0.400426,0.2,0,1,11,0.008434304,0,0.065155807,0.089235127,0,0,4,0
YKR044W,0,1,0,0,0,0,0.099,56.9,0.424,443,-0.355982,0.3,0,1,11,0.782745763,0,0.040540541,0.078828829,2,0,4,0
YKR065C,1,0,0,0,0,0,0.175,52.53,0.415,197,-0.132487,1.7,0,2,11,0.848583154,0,0.045454545,0.055555556,2,0,4,0
YKR074W,0,1,0,1,0,0,0.183,57.16,0.366,155,-0.815484,4.6,0,1,11,0.868565298,0,0.038461538,0.057692308,0,0,4,0
YKR077W,0,1,0,1,0,0,0.115,53.94,0.408,363,-0.600275,0.3,0,2,11,0.875233515,0,0.016483516,0.046703297,0,0,4,0
YKR082W,0,0,0,0,0,1,0.14,54.39,0.354,1157,-0.275108,1.6,0,9,11,0.888996091,0,0.050086356,0.056994819,0,0,3,0
YKR083C,0,0,0,0,0,1,0.102,51.6,0.363,133,-0.917293,0.4,1,5,11,0.894993585,0,0.014925373,0.052238806,0,0,4,1
YKR089C,0,0,0,0,0,1,0.122,54.48,0.398,910,-0.483846,0.7,1,1,11,0.912312344,0,0.03402854,0.06805708,0,0,4,0
YKR092C,0,0,0,0,0,1,0.218,40.65,0.45,406,-1.36133,1.8,76,6,11,0.920593597,0,0.007371007,0.012285012,0,0,3,0
YKR093W,0,0,0,0,1,1,0.265,46.35,0.414,601,0.138935,1.9,0,1,11,0.923362018,0,0.068106312,0.084717608,11,0,3,0
YKR100C,0,0,0,0,0,1,0.114,50.64,0.395,355,-0.937465,1,0,2,11,0.959725109,0,0.042134831,0.036516854,1,0,4,0
YLL038C,0,0,0,0,0,0,0.083,61,0.466,247,-0.759919,0.3,0,2,12,0.061694181,0,0.016129032,0.044354839,0,0,3,0
YLR001C,0,0,0,0,0,1,0.121,53.53,0.369,862,-0.148144,0.6,0,1,12,0.142811961,0,0.046349942,0.049826188,1,0,4,0
YLR011W,0,1,0,1,0,0,0.071,51.48,0.424,191,-0.088482,0.2,0,2,12,0.156841249,0,0.052083333,0.072916667,0,0,3,0
YLR028C,0,1,0,0,0,0,0.173,50.61,0.432,591,-0.210998,3.2,5,1,12,0.186719571,0,0.043918919,0.055743243,0,0,6,0
YLR032W,0,1,0,1,0,0,0.14,50.54,0.38,1169,-0.538409,0.3,0,3,12,0.190129042,0,0.037606838,0.066666667,0,1,3,0
YLR034C,0,0,1,0,0,0,0.211,48.18,0.388,473,0.712896,2.9,0,1,12,0.196567712,0,0.067510549,0.061181435,10,0,4,0
YLR036C,0,0,0,0,0,0,0.128,50.17,0.34,203,0.191625,0.9,0,1,12,0.206027233,0,0.083333333,0.088235294,3,0,1,0
YLR045C,0,0,0,0,0,1,0.128,53.52,0.396,888,-0.561374,0.3,0,4,12,0.220469257,0,0.032620922,0.051743532,0,0,3,1
YLR064W,0,0,1,0,0,0,0.105,54.76,0.364,273,0.430037,2,0,3,12,0.246210024,0,0.065693431,0.065693431,5,0,2,0
YLR075W,0,1,0,0,0,0,0.827,26.9,0.443,221,-0.609955,55.5,0,80,12,0.262414288,0,0.058558559,0.067567568,0,0,4,1
YLR080W,0,0,0,0,1,0,0.111,51.22,0.387,444,-0.408108,0.1,0,2,12,0.26704156,0,0.031460674,0.071910112,2,0,2,0
YLR115W,0,0,0,1,0,0,0.129,52.28,0.377,859,-0.364028,0.6,0,99,12,0.350580102,0,0.039534884,0.048837209,0,0,4,1
YLR126C,0,1,0,0,0,0,0.13,54.17,0.389,251,-0.460558,0.8,0,1,12,0.366843725,0,0.055555556,0.071428571,0,0,3,0
YLR130C,0,0,1,0,0,0,0.119,52.07,0.421,422,0.21564,1.6,0,1,12,0.374766387,0,0.047281324,0.087470449,7,0,2,0
YLR132C,1,1,0,1,0,0,0.12,56.01,0.384,290,-0.466552,0.4,0,1,12,0.378562624,0,0.068728522,0.072164948,0,0,3,1
YLR136C,0,1,0,1,0,0,0.145,51.54,0.411,285,-0.889123,0.4,0,17,12,0.386449113,0,0.076923077,0.062937063,0,0,4,0
YLR138W,0,0,0,0,0,1,0.121,50.52,0.41,985,-0.323655,0.8,0,2,12,0.388099127,0,0.034482759,0.064908722,9,0,3,0
YLR145W,0,1,0,1,0,0,0.085,50.83,0.381,201,-0.429851,0.3,0,2,12,0.40083456,0,0.044554455,0.084158416,1,0,3,1
YLR176C,0,0,0,1,0,0,0.121,54.75,0.388,811,-0.405919,0.2,0,29,12,0.473239452,0,0.041871921,0.0591133,0,0,2,0
YLR182W,0,0,0,1,0,0,0.135,49.11,0.374,803,-0.739352,0.4,0,8,12,0.480388583,0,0.028606965,0.05721393,0,0,4,0
YLR194C,0,0,1,0,0,0,0.119,58.18,0.48,254,-0.236221,1.9,0,1,12,0.502308071,0,0.02745098,0.031372549,0,0,2,0
YLR200W,0,1,0,0,0,0,0.162,50.49,0.38,114,-0.9,0.6,0,15,12,0.509207706,0,0.026086957,0.026086957,0,0,4,0
YLR206W,0,0,0,0,0,1,0.183,49.18,0.44,613,-1.372594,0.9,67,11,12,0.514370143,0,0.042345277,0.035830619,0,1,4,0
YLR215C,0,1,0,0,0,0,0.142,55.84,0.396,360,-0.531667,0.6,0,6,12,0.530397255,0,0.049861496,0.063711911,0,0,4,1
YLR220W,0,0,0,0,1,0,0.12,49.97,0.43,322,0.075466,1.2,0,1,12,0.535004123,0,0.030959752,0.034055728,3,0,4,0
YLR223C,0,0,0,1,0,0,0.154,48.81,0.375,1085,-1.262673,1,10,2,12,0.543040866,0,0.026703499,0.044198895,0,0,5,1
YLR237W,0,0,0,0,1,1,0.33,42.03,0.428,598,0.223913,0.7,2,1,12,0.567969148,0,0.07345576,0.110183639,12,0,6,0
YLR247C,0,0,0,1,0,0,0.136,54.52,0.367,1556,-0.486761,0.3,0,5,12,0.587434484,0,0.056518947,0.070006423,0,0,3,0
YLR248W,0,1,0,0,0,0,0.172,50.87,0.404,610,-0.580164,2.9,0,6,12,0.588267375,0,0.031096563,0.050736498,0,0,5,0
YLR254C,0,1,0,1,0,0,0.105,61,0.4,189,-0.74709,0.3,0,4,12,0.598211048,0,0.021052632,0.036842105,0,0,2,0
YLR262C,0,0,0,0,0,0,0.161,41.86,0.361,215,-0.553953,7,0,24,12,0.620394872,0,0.050925926,0.046296296,0,0,6,0
YLR295C,1,0,0,0,0,0,0.231,36.21,0.419,124,-0.694355,5,0,140,12,0.669999156,0,0.032,0.048,0,0,4,0
YLR300W,0,0,0,0,1,0,0.345,38.87,0.42,448,-0.451563,25.8,2,23,12,0.676103928,0,0.077951002,0.08908686,0,0,4,0
YLR310C,0,1,0,0,0,0,0.13,51.99,0.37,1589,-0.526243,1.3,0,65,12,0.702109031,0,0.03836478,0.055345912,0,0,4,1
YLR319C,0,1,0,0,0,1,0.134,49.88,0.388,788,-0.696574,0.4,0,10,12,0.715733004,0,0.022813688,0.055766793,0,0,4,0
YLR321C,0,0,0,1,0,0,0.172,49.47,0.393,426,-0.676291,0.4,0,42,12,0.721464923,0,0.032786885,0.074941452,0,0,3,1
YLR326W,0,0,0,0,0,0,0.111,51.53,0.426,240,-0.587083,0.7,0,8,12,0.725462426,0,0.070539419,0.10373444,2,0,4,0
YLR328W,0,1,0,1,0,0,0.209,48.64,0.402,401,-0.557606,0.8,2,22,12,0.728002834,0,0.049751244,0.092039801,0,0,4,0
YLR343W,0,1,0,0,0,0,0.137,49.97,0.385,555,-0.317297,3.3,0,1,12,0.756923054,0,0.082733813,0.070143885,1,0,4,0
YLR351C,1,1,0,0,0,0,0.121,57,0.434,291,-0.264261,2,0,1,12,0.770157479,0,0.047945205,0.065068493,0,0,3,0
YLR367W,0,0,0,0,0,1,0.523,38.17,0.405,130,-0.179231,15.5,1,55,12,0.794344692,1,0.038167939,0.06870229,0,0,5,0
YLR376C,0,1,0,1,0,0,0.115,53.21,0.372,242,-0.142562,0.4,0,3,12,0.810215986,0,0.057613169,0.057613169,1,0,4,0
YLR397C,0,1,0,0,0,0,0.13,51.35,0.421,780,-0.174359,0.7,0,34,12,0.848557699,0,0.032010243,0.051216389,0,0,6,1
YLR412W,0,1,0,0,0,0,0.118,53.87,0.366,274,-0.513869,0.8,0,1,12,0.879603737,0,0.054545455,0.054545455,0,0,3,0
YLR424W,0,1,0,1,0,0,0.13,53.63,0.367,708,-0.490537,0.2,0,118,12,0.902815225,0,0.056417489,0.078984485,0,0,3,1
YLR429W,0,0,0,0,0,1,0.177,52.23,0.429,651,-0.726267,1.5,0,30,12,0.918936942,0,0.021472393,0.042944785,0,0,5,0
YLR430W,0,0,0,1,0,0,0.15,48.65,0.384,2231,-0.440924,0.7,0,99,12,0.921401296,0,0.042114695,0.060035842,0,0,4,1
YLR432W,0,1,0,0,0,0,0.464,35.43,0.408,523,-0.139579,3.7,5,135,12,0.929862833,0,0.038167939,0.066793893,0,0,6,0
YLR448W,0,1,0,0,0,0,0.627,32.09,0.436,176,-0.476136,23.9,1,80,12,0.95425224,1,0.028248588,0.02259887,0,0,2,0
YLR450W,0,0,0,0,0,1,0.163,51.51,0.394,1045,0.126603,0.4,1,6,12,0.957752606,0,0.0583174,0.068833652,7,0,5,0
YLR452C,0,1,0,0,0,0,0.15,51.21,0.364,698,-0.398711,0.9,0,18,12,0.965858911,0,0.04434907,0.08583691,0,0,4,0
YLR454W,0,0,0,0,0,0,0.152,49.8,0.348,2628,-0.326636,0.9,0,2,12,0.968300078,0,0.037656904,0.07151008,0,0,3,0
YML008C,0,0,0,0,0,1,0.308,39.87,0.413,383,-0.550131,3.9,0,59,13,0.273671343,0,0.0703125,0.072916667,0,0,4,0
YML011C,0,0,0,1,0,0,0.111,59.24,0.395,177,-0.027119,0.8,0,4,13,0.267654663,0,0.050561798,0.08988764,0,0,4,0
YML023C,0,0,0,0,0,0,0.106,53.2,0.379,556,-0.044424,0.6,0,2,13,0.24735675,0,0.066427289,0.066427289,0,0,4,1
YML031W,0,0,0,0,0,1,0.114,55.23,0.42,655,0.005344,0.7,0,3,13,0.231698452,0,0.048780488,0.070121951,6,0,4,1
YML034W,0,0,0,0,0,1,0.13,55.29,0.394,834,-0.811631,0.3,83,2,13,0.226653181,1,0.034730539,0.05508982,1,0,4,0
YML037C,0,0,0,0,0,1,0.137,53.36,0.405,340,-1.047941,0.1,0,1,13,0.222199626,0,0.020527859,0.070381232,0,0,3,0
YML062C,0,0,0,1,0,0,0.108,54.63,0.394,392,-1.050765,0.6,0,36,13,0.160837489,0,0.025445293,0.03307888,0,0,3,0
YML094W,0,1,0,0,0,0,0.183,44.41,0.399,163,-0.629448,1.8,0,11,13,0.08900079,1,0.036585366,0.042682927,0,0,3,0
YML098W,0,1,0,1,0,0,0.102,61,0.433,167,-1.143114,0.6,0,50,13,0.083583397,0,0.035714286,0.029761905,0,0,4,1
YML100W,0,1,0,0,0,0,0.164,52.82,0.438,1098,-0.396539,3.3,0,45,13,0.076397348,0,0.034576888,0.061874431,0,0,4,0
YML110C,1,0,0,0,0,0,0.182,50.61,0.407,307,-0.336482,2.5,0,1,13,0.055119371,0,0.048701299,0.074675325,0,0,5,0
YML116W,0,0,0,0,1,1,0.097,56.12,0.391,542,0.565129,1.2,0,2,13,0.041318434,0,0.055248619,0.081031308,12,0,3,0
YML127W,0,0,0,1,0,0,0.129,55.39,0.427,581,-0.091738,2.8,0,2,13,0.018460024,0,0.042955326,0.054982818,0,0,4,1
YML129C,1,0,0,0,0,0,0.189,43.69,0.433,70,-0.59,1.3,0,1,13,0.015960105,0,0.084507042,0.070422535,1,0,4,0
YMR002W,0,1,0,1,0,0,0.175,44.3,0.5,156,-0.739744,8.8,0,2,13,0.294444144,0,0.050955414,0.082802548,0,0,4,0
YMR010W,0,0,0,0,0,1,0.141,50.66,0.358,405,0.173333,1.1,0,1,13,0.308405179,0,0.064039409,0.0591133,8,0,4,0
YMR012W,0,1,0,0,0,0,0.227,47.93,0.372,1277,-0.47823,3.2,0,430,13,0.314932445,0,0.042253521,0.048513302,0,0,4,0
YMR014W,0,0,0,0,0,1,0.161,50.29,0.372,519,-1.278806,0.8,0,1,13,0.323298681,0,0.046153846,0.048076923,0,0,5,0
YMR019W,0,0,0,1,0,0,0.134,53.11,0.376,949,-0.505163,0.7,0,8,13,0.337672944,0,0.058947368,0.090526316,1,0,4,0
YMR036C,0,1,0,1,0,0,0.121,53.4,0.376,554,-0.882671,0.2,0,6,13,0.371600878,0,0.045045045,0.066666667,0,0,3,0
YMR054W,0,0,0,0,0,1,0.158,52.53,0.401,890,-0.054719,1.9,3,15,13,0.414636046,0,0.041526375,0.087542088,7,0,5,0
YMR059W,1,0,0,0,0,0,0.081,58.25,0.374,148,-0.410811,0.6,0,58,13,0.423004446,0,0.053691275,0.080536913,0,0,4,1
YMR078C,0,1,0,1,0,0,0.139,53.7,0.381,741,-0.507558,0.4,0,14,13,0.459447443,0,0.035040431,0.063342318,0,0,4,0
YMR080C,0,1,0,0,0,1,0.204,46.14,0.395,971,-0.387642,1.2,0,64,13,0.464746925,0,0.048353909,0.069958848,0,0,4,0
YMR086W,0,0,0,0,0,1,0.125,51.85,0.407,960,-1.216563,0.3,0,3,13,0.47511115,0,0.016649324,0.033298647,0,0,3,0
YMR093W,0,0,0,1,0,1,0.148,51.42,0.406,513,-0.425341,1.1,0,110,13,0.491128587,0,0.038910506,0.068093385,0,0,5,1
YMR108W,1,0,0,0,0,0,0.264,44.94,0.436,687,-0.256914,3.2,0,54,13,0.523655658,0,0.024709302,0.068313953,0,0,5,0
YMR123W,0,0,1,0,0,0,0.147,44.5,0.426,122,-0.123771,5.9,0,1,13,0.55557695,0,0.024390244,0.073170732,2,0,3,0
YMR143W,0,1,0,0,0,0,0.677,30.03,0.401,143,-0.344056,15.8,1,55,13,0.597045747,1,0.041666667,0.027777778,0,0,2,0
YMR152W,0,0,1,0,0,0,0.221,47.95,0.384,365,-0.370685,0.8,0,2,13,0.609126705,0,0.073770492,0.06284153,0,0,4,0
YMR163C,0,0,0,0,0,1,0.117,50.8,0.357,705,-0.355035,0.3,0,88,13,0.634322772,0,0.055240793,0.066572238,0,0,4,0
YMR167W,0,1,0,1,0,0,0.127,51.72,0.378,769,-0.321326,0.2,0,43,13,0.643515464,0,0.041558442,0.041558442,0,0,3,0
YMR173W,0,1,0,0,0,0,0.354,35.05,0.393,430,-1.959767,7.4,0,2,13,0.658446827,0,0.099767981,0.006960557,0,0,2,0
YMR177W,1,0,0,0,0,0,0.139,50.91,0.388,510,-0.115686,1,2,1,13,0.666967753,0,0.031311155,0.082191781,1,0,4,0
YMR200W,0,0,1,0,0,0,0.165,49.76,0.402,256,-0.454297,2.2,0,2,13,0.719092846,0,0.085603113,0.062256809,1,0,3,1
YMR213W,0,1,0,1,0,0,0.114,55.88,0.423,590,-0.932203,0.2,0,90,13,0.7500622,0,0.035532995,0.052453469,0,0,3,1
YMR227C,0,1,0,1,0,0,0.136,52.86,0.416,590,-1.108814,0.4,19,52,13,0.783600705,0,0.018612521,0.045685279,0,0,3,1
YMR234W,0,1,0,1,0,0,0.133,48.86,0.367,348,-0.872701,0.2,0,36,13,0.80077994,0,0.074498567,0.065902579,0,0,4,0
YMR235C,0,1,0,0,0,0,0.218,45.98,0.392,407,-0.276659,2.5,0,18,13,0.803450775,0,0.034313725,0.049019608,0,0,4,1
YMR246W,0,0,0,0,0,1,0.236,46.96,0.431,694,-0.151009,5.5,9,100,13,0.821918371,0,0.05323741,0.073381295,0,0,4,0
YMR251W,0,0,1,0,0,0,0.099,60.57,0.469,366,-0.546448,37.9,1,14,13,0.83609792,0,0.068119891,0.073569482,0,0,3,0
YMR257C,1,0,0,0,0,0,0.13,51.92,0.345,800,-0.33825,0.4,0,4,13,0.845959132,0,0.063670412,0.081148564,0,0,4,0
YMR263W,0,0,0,1,0,0,0.109,61,0.436,201,-1.427861,0.9,111,33,13,0.859900696,0,0.04950495,0.064356436,0,0,4,0
YMR270C,0,0,0,0,0,1,0.135,60.87,0.381,365,-0.831781,1.5,0,5,13,0.872345121,0,0.043715847,0.06284153,0,0,4,1
YMR277W,0,0,0,1,0,0,0.149,56.88,0.428,732,-0.681694,0.7,0,2,13,0.887308936,0,0.042291951,0.068212824,0,0,4,1
YMR284W,0,1,0,1,0,0,0.143,50.45,0.338,602,-0.590864,0.3,0,10,13,0.906705754,0,0.064676617,0.048092869,0,0,4,0
YMR289W,0,1,0,0,0,0,0.123,53.08,0.385,374,-0.299465,1,0,1,13,0.918061941,0,0.061333333,0.077333333,0,0,2,0
YMR304W,0,1,0,0,0,0,0.156,51.57,0.376,1230,-0.526179,0.3,0,76,13,0.946514068,0,0.054427295,0.058489033,0,0,4,0
YMR311C,0,1,0,1,0,0,0.122,55.95,0.429,229,-1.441485,1.3,0,37,13,0.970978873,0,0.026086957,0.052173913,0,0,4,0
YNL016W,0,1,0,0,0,0,0.291,44.23,0.417,453,-0.845033,1.9,40,26,14,0.768689885,0,0.033039648,0.077092511,0,1,5,0
YNL041C,0,0,0,0,0,1,0.144,50.02,0.348,839,-0.406317,0.4,0,9,14,0.703768066,0,0.036904762,0.041666667,0,0,3,0
YNL049C,0,0,0,0,0,1,0.155,49.02,0.386,876,-0.274201,0.3,2,3,14,0.685821493,0,0.05359179,0.059293044,0,0,3,0
YNL052W,1,0,0,0,0,0,0.163,51.1,0.451,153,-0.515686,3.1,1,6,14,0.677934487,0,0.025974026,0.077922078,1,0,4,0
YNL066W,0,0,0,0,1,0,0.296,47.38,0.467,420,-0.216429,3.2,4,3,14,0.639418713,0,0.076009501,0.057007126,0,0,5,0
YNL073W,1,0,0,0,0,0,0.112,56.35,0.418,576,-0.371528,0.3,0,11,14,0.622679542,0,0.050259965,0.058925477,0,0,4,0
YNL078W,0,0,0,0,0,1,0.089,54.88,0.446,407,-0.763636,1.2,0,19,14,0.611691792,0,0.034313725,0.06372549,0,0,4,0
YNL086W,0,0,0,0,0,1,0.097,61,0.48,102,-0.365686,0.6,0,10,14,0.594565029,0,0.038834951,0.038834951,0,0,4,0
YNL110C,0,0,0,1,0,1,0.185,49.89,0.362,220,-1.080455,4.7,0,101,14,0.533562489,0,0.031674208,0.054298643,0,0,5,1
YNL119W,0,1,0,0,0,0,0.151,52.04,0.343,493,-0.379513,0.7,0,4,14,0.511316694,0,0.050607287,0.070850202,0,0,4,0
YNL131W,0,0,0,0,0,0,0.285,38.77,0.382,152,-0.330921,3.8,0,9,14,0.482919136,0,0,0.019607843,0,0,4,1
YNL132W,0,0,0,0,0,1,0.239,42.73,0.385,1056,-0.403883,1.6,0,334,14,0.478525566,0,0.037842952,0.058656575,0,0,3,1
YNL142W,0,0,0,0,0,1,0.213,47.38,0.444,499,0.38517,0.4,0,1,14,0.45574428,0,0.058,0.11,11,0,5,0
YNL164C,0,1,0,0,0,0,0.125,55.44,0.399,351,-0.865242,0.7,0,2,14,0.416050428,0,0.045454545,0.082386364,0,0,4,0
YNL186W,0,1,0,1,0,0,0.171,52.26,0.393,792,-0.863889,3.1,0,38,14,0.369103232,0,0.041614124,0.056746532,0,0,3,0
YNL189W,0,1,0,0,0,1,0.271,40.33,0.39,542,-0.35738,2.6,0,438,14,0.362423629,0,0.036832413,0.049723757,0,0,6,1
YNL224C,0,1,0,1,0,0,0.145,48.33,0.389,767,-0.926858,0.3,0,34,14,0.28954468,0,0.03515625,0.053385417,0,0,4,0
YNL225C,0,0,0,0,0,1,0.145,50.35,0.351,581,-0.850086,0.4,0,3,14,0.286191491,0,0.034364261,0.06185567,0,0,4,0
YNL231C,0,0,0,0,0,1,0.201,43.11,0.385,351,-0.520513,2.7,0,1,14,0.276722239,0,0.042613636,0.068181818,0,0,5,0
YNL234W,0,1,0,0,0,0,0.13,53.65,0.383,426,-0.489437,0.3,0,3,14,0.268040922,0,0.039812646,0.081967213,0,0,4,0
YNL236W,0,0,0,1,0,0,0.126,52.44,0.368,974,-0.255647,0.6,0,147,14,0.263829673,0,0.051282051,0.06974359,0,0,4,0
YNL243W,0,0,0,0,0,1,0.137,53.49,0.456,968,-0.462913,1.8,0,29,14,0.239759386,0,0.033023736,0.062951496,0,0,3,0
YNL247W,0,1,0,0,0,0,0.265,44.92,0.387,767,-0.564928,2.8,0,1,14,0.233160106,0,0.03515625,0.0625,0,0,4,1
YNL286W,0,0,0,1,0,0,0.114,59.38,0.384,285,-0.802105,0.3,0,1,14,0.121404565,0,0.048951049,0.045454545,0,0,4,0
YNL315C,1,0,0,0,0,0,0.147,49.11,0.4,318,-0.637107,1.5,0,26,14,0.056454698,0,0.028213166,0.081504702,0,0,4,0
YNR011C,0,1,0,1,0,0,0.129,51.67,0.385,876,-0.480822,0.6,2,25,14,0.824844963,0,0.045610034,0.063854048,0,0,4,1
YNR012W,0,1,0,1,0,0,0.168,48.46,0.382,501,-0.063872,1.3,0,11,14,0.825459502,0,0.043824701,0.073705179,0,0,3,0
YNR013C,0,0,1,0,0,0,0.187,49.9,0.421,894,0.158277,1.3,1,2,14,0.830916402,0,0.033519553,0.081564246,12,0,3,0
YNR016C,0,1,0,0,0,1,0.328,40.42,0.409,2233,-0.296507,4.6,6,138,14,0.843235228,0,0.035810206,0.062220233,0,0,4,1
YNR023W,0,0,0,1,0,0,0.124,54.66,0.388,566,-0.626148,0.4,0,23,14,0.854766118,0,0.02292769,0.063492063,0,0,3,0
YNR040W,1,0,0,0,0,0,0.113,59.24,0.449,256,-0.209766,0.9,0,2,14,0.892087239,0,0.038910506,0.058365759,0,0,4,0
YNR048W,0,0,0,0,0,0,0.119,53.62,0.412,393,-0.180916,0.6,0,2,14,0.907310462,0,0.058375635,0.063451777,2,0,3,0
YNR051C,0,1,0,0,0,0,0.179,51.58,0.397,515,-0.887767,0.3,0,2,14,0.915848982,0,0.027131783,0.042635659,0,0,4,0
YNR052C,1,1,0,0,0,0,0.118,56.47,0.442,433,-0.549884,2.3,76,57,14,0.918806928,0,0.036866359,0.071428571,0,0,4,0
YNR054C,0,1,0,0,0,1,0.179,55.06,0.409,316,-1.168038,1,0,106,14,0.923470793,0,0.022082019,0.041009464,0,0,5,1
YOL001W,0,1,0,1,0,0,0.104,52.14,0.372,293,-0.423549,0.3,0,2,15,0.298042489,0,0.068027211,0.057823129,0,0,4,0
YOL013C,0,0,1,0,0,0,0.114,51.84,0.379,551,-0.085118,0.2,1,2,15,0.277686652,0,0.039855072,0.083333333,4,0,4,0
YOL045W,0,1,0,0,0,0,0.151,50.33,0.369,1101,-0.319255,0.4,3,12,15,0.223127069,0,0.039927405,0.065335753,0,0,4,0
YOL051W,0,0,0,1,0,0,0.161,52.52,0.417,1081,-0.86975,1.5,204,48,15,0.215285847,0,0.015711645,0.050831793,0,0,4,0
YOL059W,0,1,0,1,0,0,0.212,47.48,0.452,440,-0.187727,1.2,2,17,15,0.198962873,0,0.045351474,0.092970522,0,0,4,0
YOL060C,0,0,0,0,0,1,0.153,54.93,0.437,706,-0.281303,0.7,0,1,15,0.198056601,0,0.036775106,0.070721358,3,0,4,0
YOL066C,0,1,0,0,0,0,0.135,55.56,0.438,591,-0.611167,0.3,1,1,15,0.187366442,0,0.0625,0.08277027,0,0,3,1
YOL069W,0,0,0,0,0,1,0.139,55.05,0.36,451,-0.53592,1.4,0,23,15,0.182299933,0,0.042035398,0.042035398,0,0,4,1
YOL070C,0,1,0,0,0,1,0.115,57.81,0.432,501,-0.908782,1,0,11,15,0.182101085,0,0.023904382,0.029880478,0,0,3,0
YOL151W,0,1,0,1,0,0,0.244,48.52,0.417,342,-0.265789,3.6,2,2,15,0.040037241,0,0.029154519,0.064139942,0,0,4,0
YOL159C,0,1,0,0,0,0,0.138,46.05,0.355,171,-0.377193,0.4,0,1,15,0.016306479,0,0.122093023,0.075581395,0,0,3,0
YOR007C,0,1,0,0,0,0,0.192,39.19,0.41,346,-0.599422,11.6,0,10,15,0.311539434,0,0.034582133,0.051873199,0,0,4,0
YOR008C,0,1,0,0,1,1,0.102,55.9,0.444,378,-0.471429,2.3,0,2,15,0.313771667,0,0.060686016,0.058047493,1,0,3,0
YOR023C,0,1,0,1,0,0,0.145,53.53,0.426,566,-0.934806,1,0,11,15,0.346116135,0,0.040564374,0.068783069,0,0,4,0
YOR064C,0,0,0,1,0,0,0.112,52.19,0.406,219,-0.775342,0.4,0,2,15,0.409370063,0,0.072727273,0.090909091,0,0,2,0
YOR078W,0,0,0,1,0,1,0.128,47.89,0.393,214,-1.263551,2.5,0,98,15,0.433183296,0,0.009302326,0.027906977,0,0,4,0
YOR112W,0,1,0,0,0,0,0.122,51.21,0.38,761,-0.227332,0.6,0,2,15,0.487048284,0,0.024934383,0.045931759,0,0,3,0
YOR117W,0,0,0,1,0,0,0.195,47.92,0.412,434,-0.430185,3,0,197,15,0.499438276,0,0.016091954,0.04137931,0,0,5,1
YOR120W,0,1,0,1,0,0,0.209,50.17,0.404,312,-0.39359,0.3,1,37,15,0.505014277,0,0.031948882,0.067092652,0,0,5,0
YOR138C,0,1,0,1,0,0,0.11,55.67,0.449,671,-0.504173,0.6,0,2,15,0.537279022,0,0.050595238,0.058035714,0,0,3,0
YOR158W,1,0,0,0,0,0,0.155,50.61,0.367,318,-0.722013,0.7,0,48,15,0.579284586,0,0.021943574,0.034482759,0,0,4,0
YOR173W,0,1,0,0,0,0,0.157,56.73,0.406,397,-0.453652,0.1,2,25,15,0.602164056,0,0.055276382,0.082914573,0,0,3,0
YOR182C,0,1,0,0,0,0,0.748,24.69,0.413,63,-0.97619,58.3,1,55,15,0.622013151,1,0.03125,0.046875,0,0,2,0
YOR184W,0,1,0,0,0,0,0.258,44.19,0.408,395,-0.20557,4.2,0,4,15,0.622529974,0,0.04040404,0.058080808,0,0,5,0
YOR239W,0,1,0,0,0,0,0.221,48.16,0.39,628,-1.073567,0.8,0,3,15,0.719205083,0,0.027027027,0.041335453,0,0,3,0
YOR241W,0,1,0,0,0,0,0.146,52.29,0.385,548,-0.285766,1.5,0,1,15,0.721164243,0,0.034608379,0.072859745,1,0,3,0
YOR244W,0,0,0,1,0,0,0.149,51.56,0.366,445,-0.725843,1.3,0,27,15,0.726237166,0,0.073991031,0.073991031,0,0,6,1
YOR261C,0,1,0,1,0,0,0.194,49.73,0.354,338,-0.539349,2.9,0,195,15,0.748594316,0,0.029498525,0.050147493,0,0,6,1
YOR262W,0,1,0,0,0,0,0.139,56.05,0.384,347,-0.270317,1.3,0,1,15,0.748924203,0,0.060344828,0.074712644,0,0,5,1
YOR264W,0,0,0,0,0,1,0.132,51.28,0.391,430,-0.554884,0.8,0,26,15,0.750366541,0,0.041763341,0.055684455,0,0,2,0
YOR267C,0,1,0,0,0,0,0.221,47.01,0.393,759,-0.962055,1.1,283,18,15,0.755865568,0,0.052631579,0.110526316,0,2,6,0
YOR281C,0,1,0,0,0,0,0.165,54.21,0.387,286,-0.852448,1.5,0,3,15,0.77626539,0,0.034843206,0.048780488,0,0,4,1
YOR283W,0,1,0,1,0,0,0.233,45.25,0.378,230,-0.569565,2.9,0,3,15,0.776562288,0,0.047619048,0.082251082,0,0,4,0
YOR290C,0,0,0,1,0,0,0.155,49.86,0.39,1703,-0.78855,0.6,4,118,15,0.788296172,0,0.030516432,0.056924883,0,0,5,0
YOR312C,0,1,0,0,0,0,0.697,30.77,0.402,174,-0.593678,36,1,79,15,0.825794202,1,0.057142857,0.074285714,0,0,4,0
YOR321W,0,0,1,0,0,0,0.145,51.22,0.413,753,0.078088,0.7,2,1,15,0.839401109,0,0.064986737,0.106100796,10,0,4,0
YOR341W,0,0,0,0,0,1,0.279,40.14,0.381,1664,-0.460156,2.1,0,192,15,0.880597535,0,0.046846847,0.067267267,0,0,3,1
YOR344C,0,1,0,1,0,0,0.191,51.86,0.395,291,-0.754983,2.1,0,37,15,0.896250655,0,0.017123288,0.037671233,0,0,4,0
YOR349W,0,0,0,0,0,0,0.13,56.08,0.389,1014,-0.046252,0.2,0,46,15,0.906990298,0,0.046305419,0.069950739,0,0,3,0
YOR358W,0,1,0,1,0,0,0.113,61,0.472,242,-0.907438,1.4,0,40,15,0.925659132,0,0.024691358,0.0781893,0,0,3,0
YOR361C,0,1,0,0,0,0,0.304,41.71,0.39,763,-0.494889,4.7,0,176,15,0.932523523,0,0.037958115,0.073298429,0,0,4,1
YOR372C,0,1,0,1,0,0,0.114,51.09,0.389,554,-0.780686,0.4,168,1,15,0.949768346,0,0.01981982,0.025225225,0,2,4,1
YOR385W,0,1,0,0,0,0,0.153,55.78,0.367,290,-0.598966,0.6,0,1,15,0.975950348,0,0.082474227,0.072164948,0,0,2,0
YPL002C,0,0,0,0,0,0,0.123,60.64,0.383,233,-0.236051,1,0,3,16,0.58469128,0,0.047008547,0.085470085,0,0,4,0
YPL012W,0,1,0,1,0,0,0.178,44.1,0.367,1228,-0.216287,2,0,280,16,0.558738309,0,0.037428804,0.052888527,0,0,3,1
YPL013C,1,0,0,0,0,0,0.087,54.63,0.419,121,-0.329752,4.3,0,78,16,0.558344874,0,0.032786885,0.040983607,0,0,3,0
YPL048W,0,1,0,0,0,0,0.396,38.12,0.467,415,-0.465542,9.8,1,14,16,0.489837679,0,0.050480769,0.057692308,0,0,6,0
YPL063W,1,0,0,0,0,0,0.21,46.79,0.394,476,-0.746639,1.4,0,2,16,0.453487698,0,0.046121593,0.060796646,0,0,5,1
YPL065W,0,0,0,0,0,1,0.156,47.57,0.357,242,-0.415289,0.6,0,2,16,0.451365471,0,0.041152263,0.041152263,0,0,4,0
YPL067C,0,1,0,0,0,0,0.109,58.49,0.52,198,-0.425758,0.3,0,1,16,0.44917152,0,0.030150754,0.090452261,0,0,4,0
YPL091W,1,1,0,1,0,0,0.218,44.72,0.402,483,-0.302899,3.8,0,3,16,0.396068396,0,0.049586777,0.068181818,0,0,5,0
YPL115C,0,1,0,0,0,1,0.136,48.7,0.375,1128,-0.530851,0.8,0,29,16,0.353864361,0,0.030115146,0.04340124,0,0,4,0
YPL118W,1,0,0,0,0,0,0.164,45.27,0.383,344,-0.581395,1.5,0,40,16,0.34452108,0,0.023188406,0.052173913,0,0,4,0
YPL126W,0,0,0,0,0,1,0.169,53.36,0.371,896,-0.328125,1.3,0,144,16,0.327203629,0,0.033444816,0.062430323,0,0,4,1
YPL145C,0,1,0,0,0,0,0.255,41.72,0.397,434,-0.531567,1.8,3,1,16,0.295021101,0,0.036781609,0.062068966,0,0,5,0
YPL151C,0,1,0,1,0,0,0.105,55.32,0.419,451,-0.422173,0.4,0,126,16,0.282190703,0,0.03539823,0.092920354,0,0,4,1
YPL163C,0,0,0,0,1,0,0.185,47.23,0.428,260,-0.076539,3.4,0,1,16,0.255995131,0,0.072796935,0.026819923,0,0,3,0
YPL181W,0,0,0,1,0,0,0.117,53.45,0.431,506,-1.193874,0.6,0,35,16,0.214564253,0,0.033530572,0.057199211,0,0,4,0
YPL194W,0,1,0,1,0,0,0.123,55.45,0.386,612,-0.64085,0.2,0,7,16,0.189097537,0,0.040783034,0.068515498,0,0,3,0
YPL198W,0,1,0,0,0,1,0.716,29.45,0.413,244,-0.436475,14.3,1,79,16,0.182636982,1,0.040816327,0.032653061,0,0,2,0
YPL203W,0,0,0,1,0,0,0.154,50.19,0.41,380,-0.452632,0.9,2,30,16,0.175363189,0,0.057742782,0.076115486,0,0,5,0
YPL221W,0,0,0,0,1,1,0.15,56.34,0.428,793,0.112862,1.1,3,1,16,0.140330633,0,0.069269521,0.080604534,11,0,4,0
YPL227C,0,0,1,0,0,0,0.199,43.17,0.365,334,0.017365,2.2,0,2,16,0.127805067,0,0.053731343,0.071641791,1,0,4,0
YPL260W,0,1,0,1,0,0,0.189,51.39,0.374,551,-0.706534,1,0,1,16,0.052004038,0,0.041666667,0.052536232,0,0,5,0
YPL265W,0,0,0,0,1,1,0.227,43.43,0.395,608,0.290461,1.3,0,10,16,0.043291518,0,0.075533662,0.062397373,11,0,3,0
YPR032W,0,1,0,0,0,1,0.129,50.95,0.393,1033,-0.226331,0.3,0,59,16,0.668857806,0,0.047388781,0.056092843,0,0,3,0
YPR045C,0,0,0,1,0,0,0.13,53.64,0.367,470,-0.584468,0.2,0,2,16,0.692515566,0,0.057324841,0.072186837,0,0,4,0
YPR062W,0,1,0,1,0,0,0.184,53.28,0.445,158,-0.446835,12.9,0,1,16,0.714257838,0,0.075471698,0.113207547,0,0,4,0
YPR063C,0,0,1,0,0,0,0.176,47.63,0.44,140,-0.047857,2.5,0,1,16,0.715476114,1,0.063829787,0.078014184,0,0,3,0
YPR067W,1,0,0,0,0,0,0.138,44.35,0.377,185,-0.430811,1,0,33,16,0.719589773,0,0.048387097,0.037634409,0,0,4,0
YPR072W,0,1,0,0,0,0,0.163,50.15,0.364,560,-1.046964,1.7,0,37,16,0.727908858,0,0.046345811,0.060606061,0,0,5,0
YPR074C,0,1,0,1,0,0,0.489,32.56,0.445,680,-0.2125,11.3,2,1,16,0.732899043,0,0.041116006,0.057268722,0,0,5,0
YPR079W,0,0,0,0,0,1,0.13,55.07,0.431,381,-0.497375,0.4,0,1,16,0.737151934,0,0.041884817,0.073298429,2,0,3,0
YPR103W,0,1,0,1,0,0,0.21,43.92,0.424,287,-0.23101,10.3,0,100,16,0.772466118,0,0.059027778,0.076388889,0,0,6,1
YPR105C,0,0,0,0,0,1,0.126,51.32,0.363,861,-0.269106,0.4,0,12,16,0.780081661,0,0.02900232,0.053364269,0,0,3,1
YPR119W,0,0,0,1,0,0,0.121,50.17,0.369,491,-0.568024,1.3,2,32,16,0.813923366,0,0.038617886,0.067073171,0,0,4,0
YPR124W,0,0,0,0,0,1,0.118,53.26,0.412,406,-0.22537,4.3,0,18,16,0.829273644,0,0.039312039,0.137592138,3,0,3,0
YPR125W,1,0,0,0,0,0,0.16,51.74,0.402,454,-0.479075,1.3,0,1,16,0.831122681,0,0.03956044,0.050549451,1,0,4,0
YPR135W,0,0,0,1,0,0,0.144,49.98,0.385,927,-0.402265,0.4,0,39,16,0.843013266,0,0.047413793,0.07112069,0,0,4,0
YPR152C,0,0,0,1,0,0,0.114,59.94,0.448,465,-0.90086,0.2,3,2,16,0.879112209,0,0.053648069,0.049356223,0,0,2,0
YPR155C,1,0,0,0,0,0,0.132,54.67,0.371,616,-0.125974,0.3,0,2,16,0.883283882,0,0.050243112,0.066450567,1,0,3,0
YPR174C,0,0,0,0,0,1,0.116,59.14,0.466,221,-0.885068,0.7,0,2,16,0.93738905,0,0.027027027,0.063063063,0,0,4,0
